日期,搜索量
20210101,1105
20210102,953
20210103,1052
20210104,2289
20210105,1801
20210106,2323
20210107,1979
20210108,1839
20210109,1595
20210110,1593
20210111,1519
20210112,2103
20210113,2244
20210114,2597
20210115,2609
20210116,1643
20210117,1176
20210118,1865
20210119,3062
20210120,1570
20210121,1924
20210122,1541
20210123,1627
20210124,1349
20210125,1581
20210126,2216
20210127,1933
20210128,3498
20210129,2865
20210130,1803
20210131,1685
20210201,2187
20210202,1465
20210203,2251
20210204,2567
20210205,2864
20210206,1660
20210207,1642
20210208,1704
20210209,2679
20210210,3291
20210211,1725
20210212,1129
20210213,1251
20210214,1134
20210215,1235
20210216,1382
20210217,1680
20210218,3668
20210219,2570
20210220,1763
20210221,4372
20210222,2108
20210223,2207
20210224,7975
20210225,3753
20210226,3669
20210227,2924
20210228,1971
20210301,1905
20210302,2064
20210303,1986
20210304,2505
20210305,2188
20210306,1397
20210307,1484
20210308,4222
20210309,5661
20210310,3402
20210311,3397
20210312,2875
20210313,1623
20210314,1871
20210315,4413
20210316,2591
20210317,2471
20210318,1864
20210319,2348
20210320,3131
20210321,2109
20210322,2512
20210323,2588
20210324,1782
20210325,1751
20210326,2162
20210327,2456
20210328,1044
20210329,1187
20210330,1293
20210331,1502
20210401,1585
20210402,1687
20210403,1070
20210404,894
20210405,998
20210406,1696
20210407,3080
20210408,1686
20210409,1585
20210410,1550
20210411,1355
20210412,2133
20210413,1725
20210414,1575
20210415,3035
20210416,2602
20210417,1478
20210418,1206
20210419,1812
20210420,1777
20210421,1422
20210422,2146
20210423,2165
20210424,1457
20210425,1417
20210426,1542
20210427,3084
20210428,2204
20210429,1434
20210430,1807
20210501,1717
20210502,1319
20210503,1185
20210504,1289
20210505,1337
20210506,1584
20210507,1879
20210508,1886
20210509,2443
20210510,2262
20210511,2027
20210512,3224
20210513,2402
20210514,1996
20210515,2745
20210516,3695
20210517,2605
20210518,3203
20210519,2435
20210520,2465
20210521,1875
20210522,1503
20210523,1690
20210524,1929
20210525,4649
20210526,4208
20210527,3513
20210528,2284
20210529,1484
20210530,1544
20210531,2172
20210601,2728
20210602,2532
20210603,2094
20210604,2423
20210605,1589
20210606,1308
20210607,1833
20210608,2147
20210609,3443
20210610,2246
20210611,2009
20210612,1837
20210613,1249
20210614,1309
20210615,2397
20210616,3103
20210617,2316
20210618,2010
20210619,1736
20210620,1409
20210621,1862
20210622,1863
20210623,1952
20210624,1733
20210625,1987
20210626,1726
20210627,1507
20210628,2186
20210629,2182
20210630,2142
20210701,2314
20210702,2506
20210703,2941
20210704,1298
20210705,1620
20210706,2532
20210707,2535
20210708,2282
20210709,2533
20210710,2668
20210711,1610
20210712,2223
20210713,2640
20210714,2239
20210715,2218
20210716,2823
20210717,3317
20210718,2290
20210719,2244
20210720,2709
20210721,2135
20210722,2362
20210723,5243
20210724,3265
20210725,2661
20210726,23493
20210727,10539
20210728,7891
20210729,3879
20210730,3188
20210731,2223
20210801,2348
20210802,2949
20210803,4264
20210804,2748
20210805,2866
20210806,3123
20210807,3002
20210808,3104
20210809,5106
20210810,3455
20210811,3227
20210812,3370
20210813,2693
20210814,1875
20210815,1949
20210816,3621
20210817,7680
20210818,5995
20210819,5749
20210820,6536
20210821,4715
20210822,2846
20210823,4783
20210824,4785
20210825,3049
20210826,3143
20210827,3395
20210828,2087
20210829,1990
20210830,3185
20210831,3442
20210901,4352
20210902,4645
20210903,3401
20210904,1858
20210905,2145
20210906,2767
20210907,2966
20210908,4204
20210909,4007
20210910,3408
20210911,2871
20210912,3157
20210913,3054
20210914,3580
20210915,3614
20210916,4280
20210917,3708
20210918,3228
20210919,2832
20210920,4407
20210921,4785
20210922,3715
20210923,3288
20210924,5280
20210925,16020
20210926,6299
20210927,6404
20210928,3579
20210929,3695
20210930,2393
20211001,2090
20211002,7933
20211003,11506
20211004,3896
20211005,2126
20211006,1943
20211007,3628
20211008,3528
20211009,2114
20211010,3072
20211011,3839
20211012,4329
20211013,4316
20211014,4304
20211015,5640
20211016,2624
20211017,2781
20211018,5695
20211019,4656
20211020,4165
20211021,3813
20211022,4274
20211023,3044
20211024,2635
20211025,3536
20211026,4047
20211027,4271
20211028,4408
20211029,4075
20211030,3144
20211031,2527
20211101,3381
20211102,4422
20211103,4182
20211104,5162
20211105,4723
20211106,3664
20211107,2988
20211108,4883
20211109,4133
20211110,5103
20211111,4404
20211112,4104
20211113,3201
20211114,3595
20211115,4630
20211116,3659
20211117,3587
20211118,3200
20211119,3614
20211120,2631
20211121,3174
20211122,3773
20211123,4722
20211124,3322
20211125,4168
20211126,4435
20211127,4026
20211128,4146
20211129,4396
20211130,4365
20211201,4202
20211202,4123
20211203,3476
20211204,2711
20211205,2920
20211206,4161
20211207,3866
20211208,4835
20211209,4901
20211210,6055
20211211,4997
20211212,3608
20211213,5701
20211214,7692
20211215,7727
20211216,6950
20211217,6026
20211218,6293
20211219,7278
20211220,7002
20211221,7367
20211222,7622
20211223,6546
20211224,5553
20211225,3643
20211226,3721
20211227,4690
20211228,4774
20211229,4558
20211230,5261
20211231,4853
20220101,4075
20220102,5050
20220103,4548
20220104,4763
20220105,9412
20220106,7411
20220107,6090
20220108,3756
20220109,3254
20220110,4617
20220111,5289
20220112,4791
20220113,5579
20220114,4614
20220115,4404
20220116,3540
20220117,4274
20220118,3845
20220119,3877
20220120,5190
20220121,5049
20220122,3293
20220123,3005
20220124,4176
20220125,11076
20220126,8973
20220127,21395
20220128,10822
20220129,5345
20220130,3969
20220131,2336
20220201,2542
20220202,2771
20220203,3788
20220204,3233
20220205,5048
20220206,4576
20220207,7150
20220208,9358
20220209,5757
20220210,5736
20220211,5601
20220212,4804
20220213,3571
20220214,5040
20220215,4426
20220216,4635
20220217,5436
20220218,5532
20220219,3635
20220220,3694
20220221,5666
20220222,6583
20220223,7018
20220224,15284
20220225,9223
20220226,8363
20220227,6838
20220228,7509
20220301,5874
20220302,5075
20220303,5070
20220304,6112
20220305,5038
20220306,6179
20220307,10065
20220308,17436
20220309,20671
20220310,10442
20220311,11125
20220312,7677
20220313,8211
20220314,19345
20220315,45418
20220316,25483
20220317,18136
20220318,8629
20220319,7062
20220320,7983
20220321,6096
20220322,6867
20220323,8358
20220324,6882
20220325,6861
20220326,6368
20220327,5859
20220328,7498
20220329,7910
20220330,7647
20220331,7683
20220401,6217
20220402,4949
20220403,3756
20220404,3832
20220405,4488
20220406,5692
20220407,8146
20220408,6270
20220409,4952
20220410,4625
20220411,19619
20220412,10506
20220413,7715
20220414,7147
20220415,7613
20220416,5341
20220417,4811
20220418,7104
20220419,6176
20220420,9922
20220421,22243
20220422,14478
20220423,7410
20220424,6842
20220425,77855
20220426,120092
20220427,44650
20220428,20866
20220429,16446
20220430,9192
20220501,6909
20220502,5691
20220503,5804
20220504,7690
20220505,11749
20220506,15714
20220507,9284
20220508,8285
20220509,9197
20220510,11319
20220511,10115
20220512,8671
20220513,7466
20220514,6036
20220515,5527
20220516,6544
20220517,7592
20220518,8599
20220519,10450
20220520,8536
20220521,6020
20220522,5699
20220523,5320
20220524,12387
20220525,10669
20220526,10387
20220527,8998
20220528,5885
20220529,5021
20220530,6236
20220531,7850
20220601,6792
20220602,6418
20220603,4802
20220604,4389
20220605,4678
20220606,7442
20220607,7690
20220608,7622
20220609,7347
20220610,10169
20220611,9163
20220612,5982
20220613,8807
20220614,11048
20220615,9519
20220616,9387
20220617,7619
20220618,3997
20220619,3378
20220620,4330
20220621,4861
20220622,5754
20220623,6646
20220624,6952
20220625,5357
20220626,4989
20220627,7408
20220628,8696
20220629,9594
20220630,7968
20220701,6609
20220702,4221
20220703,5234
20220704,6805
20220705,7157
20220706,8793
20220707,7084
20220708,10095
20220709,6002
20220710,4340
20220711,9124
20220712,9578
20220713,6893
20220714,7096
20220715,8359
20220716,4500
20220717,4631
20220718,6484
20220719,6803
20220720,6233
20220721,7537
20220722,7273
20220723,3778
20220724,3681
20220725,5595
20220726,3727
20220727,3883
20220728,4501
20220729,5441
20220730,4939
20220731,2618
20220801,3562
20220802,40257
20220803,29905
20220804,4995
20220805,3958
20220806,2611
20220807,2869
20220808,3679
20220809,3718
20220810,4197
20220811,4186
20220812,6383
20220813,9869
20220814,5451
20220815,5301
20220816,6100
20220817,4674
20220818,4733
20220819,4463
20220820,2913
20220821,3455
20220822,4910
20220823,5700
20220824,18594
20220825,7631
20220826,6678
20220827,7452
20220828,5197
20220829,6094
20220830,6093
20220831,36345
20220901,7125
20220902,5840
20220903,4065
20220904,4649
20220905,6688
20220906,6292
20220907,5476
20220908,5391
20220909,4796
20220910,8113
20220911,4046
20220912,4142
20220913,84173
20220914,77194
20220915,14835
20220916,18978
20220917,6640
20220918,5422
20220919,7736
20220920,7636
20220921,8059
20220922,9429
20220923,9906
20220924,20733
20220925,15431
20220926,43116
20220927,19426
20220928,10281
20220929,8117
20220930,7330
20221001,15407
20221002,2619
20221003,3609
20221004,4099
20221005,4949
20221006,3613
20221007,3425
20221008,5333
20221009,5384
20221010,29795
20221011,16019
20221012,14125
20221013,7390
20221014,10815
20221015,6078
20221016,7094
20221017,6347
20221018,5941
20221019,5814
20221020,5967
20221021,7242
20221022,4196
20221023,3628
20221024,29365
20221025,20612
20221026,8008
20221027,7094
20221028,24802
20221029,12042
20221030,6306
20221031,10609
20221101,10969
20221102,9016
20221103,9267
20221104,8675
20221105,5300
20221106,4942
20221107,6788
20221108,6482
20221109,6650
20221110,111967
20221111,338370
20221112,8771
20221113,5132
20221114,6747
20221115,8119
20221116,7354
20221117,6642
20221118,6545
20221119,4522
20221120,4653
20221121,5645
20221122,12145
20221123,9675
20221124,6572
20221125,5175
20221126,4093
20221127,4806
20221128,8738
20221129,9936
20221130,8482
20221201,7562
20221202,13173
20221203,7767
20221204,4687
20221205,6344
20221206,6014
20221207,6872
20221208,6482
20221209,4784
20221210,3314
20221211,3604
20221212,5331
20221213,8132
20221214,6683
20221215,5817
20221216,6084
20221217,4368
20221218,2954
20221219,7155
20221220,6359
20221221,7305
20221222,7410
20221223,7665
20221224,4246
20221225,3997
20221226,4535
20221227,5134
20221228,5295
20221229,5903
20221230,7537
20221231,8570
20230101,5762
20230102,4728
20230103,6954
20230104,6824
20230105,5980
20230106,5626
20230107,3403
20230108,5189
20230109,5106
20230110,4687
20230111,4670
20230112,5955
20230113,5665
20230114,3983
20230115,3548
20230116,10060
20230117,6618
20230118,4469
20230119,4564
20230120,5344
20230121,3131
20230122,19125
20230123,16013
20230124,4428
20230125,3279
20230126,4660
20230127,4567
20230128,3955
20230129,5659
20230130,32538
20230131,12532
20230201,18681
20230202,51908
20230203,16436
20230204,6966
20230205,6076
20230206,11530
20230207,6390
20230208,6702
20230209,8025
20230210,6600
20230211,7221
20230212,7888
20230213,5852
20230214,5961
20230215,5911
20230216,113503
20230217,20542
20230218,5955
20230219,5139
20230220,29203
20230221,6351
20230222,10679
20230223,7724
20230224,7353
20230225,6121
20230226,7568
20230227,13248
20230228,5746
20230301,6150
20230302,5283
20230303,5228
20230304,3608
20230305,3973
20230306,4695
20230307,9898
20230308,14555
20230309,8192
20230310,10303
20230311,9301
20230312,11793
20230313,9327
20230314,11071
20230315,9074
20230316,13765
20230317,12118
20230318,5032
20230319,5393
20230320,9296
20230321,6716
20230322,5023
20230323,6721
20230324,4682
20230325,3905
20230326,3990
20230327,8879
20230328,9499
20230329,8978
20230330,6719
20230331,5216
20230401,4805
20230402,5132
20230403,5965
20230404,9120
20230405,4588
20230406,5411
20230407,4516
20230408,3340
20230409,4101
20230410,7128
20230411,6077
20230412,5955
20230413,6295
20230414,4868
20230415,9813
20230416,3658
20230417,6418
20230418,5790
20230419,5281
20230420,4688
20230421,142119
20230422,10047
20230423,5301
20230424,7505
20230425,34639
20230426,21700
20230427,8653
20230428,5001
20230429,3970
20230430,3278
20230501,3085
20230502,3287
20230503,4377
20230504,11850
20230505,6864
20230506,5186
20230507,3785
20230508,7210
20230509,10033
20230510,7266
20230511,5984
20230512,9435
20230513,9374
20230514,5021
20230515,8837
20230516,13660
20230517,8920
20230518,6122
20230519,7009
20230520,5283
20230521,4107
20230522,5037
20230523,17950
20230524,18792
20230525,22364
20230526,187736
20230527,157312
20230528,8090
20230529,10636
20230530,7443
20230531,7568
20230601,5738
20230602,5240
20230603,4138
20230604,3429
20230605,6816
20230606,24289
20230607,36730
20230608,18330
20230609,11605
20230610,8349
20230611,7580
20230612,8559
20230613,39199
20230614,28798
20230615,9446
20230616,5319
20230617,6135
20230618,11594
20230619,4875
20230620,9245
20230621,53806
20230622,29167
20230623,19246
20230624,9558
20230625,57509
20230626,42416
20230627,11732
20230628,9548
20230629,7283
20230630,7504
20230701,5136
20230702,5608
20230703,11993
20230704,36248
20230705,17875
20230706,18162
20230707,10081
20230708,6760
20230709,4169
20230710,15509
20230711,19191
20230712,18376
20230713,7481
20230714,9688
20230715,13188
20230716,4980
20230717,7836
20230718,10162
20230719,11934
20230720,51212
20230721,18835
20230722,7969
20230723,7423
20230724,14611
20230725,87296
20230726,40410
20230727,10421
20230728,12951
20230729,6525
20230730,5787
20230731,8469
20230801,15377
20230802,12716
20230803,9986
20230804,15437
20230805,7535
20230806,7094
20230807,12296
20230808,35168
20230809,17958
20230810,13363
20230811,71843
20230812,87847
20230813,38673
20230814,51598
20230815,33659
20230816,23397
20230817,31287
20230818,52100
20230819,23793
20230820,13999
20230821,52630
20230822,31780
20230823,58404
20230824,59609
20230825,39710
20230826,19998
20230827,46162
20230828,759344
20230829,79831
20230830,30954
20230831,20706
20230901,24079
20230902,39032
20230903,10539
20230904,12321
20230905,15761
20230906,14155
20230907,59728
20230908,36423
20230909,21916
20230910,14341
20230911,18548
20230912,15795
20230913,44346
20230914,58111
20230915,43761
20230916,38554
20230917,44295
20230918,24879
20230919,20155
20230920,44743
20230921,47064
20230922,22816
20230923,9923
20230924,8537
20230925,14592
20230926,17478
20230927,10682
20230928,9450
20230929,10260
20230930,9340
20231001,6283
20231002,18072
20231003,13304
20231004,12886
20231005,8522
20231006,11432
20231007,9748
20231008,94548
20231009,60968
20231010,65910
20231011,19536
20231012,18364
20231013,48800
20231014,15144
20231015,16849
20231016,53555
20231017,19187
20231018,69600
20231019,76412
20231020,75611
20231021,36760
20231022,21768
20231023,145772
20231024,97206
20231025,40844
20231026,33992
20231027,31974
20231028,11653
20231029,13472
20231030,54862
20231031,40696
20231101,20855
20231102,26755
20231103,16143
20231104,28519
20231105,14035
20231106,45693
20231107,29623
20231108,30989
20231109,13542
20231110,9940
20231111,7010
20231112,12328
20231113,20844
20231114,31471
20231115,31245
20231116,17337
20231117,13543
20231118,11273
20231119,10206
20231120,16466
20231121,29941
20231122,30415
20231123,16420
20231124,15062
20231125,14507
20231126,13126
20231127,24244
20231128,13756
20231129,13920
20231130,19327
20231201,24033
20231202,13742
20231203,11612
20231204,59833
20231205,138719
20231206,60177
20231207,63642
20231208,43502
20231209,19544
20231210,20559
20231211,27296
20231212,27039
20231213,43738
20231214,44176
20231215,75935
20231216,55717
20231217,16015
20231218,53655
20231219,45403
20231220,189300
20231221,164214
20231222,131604
20231223,79213
20231224,45531
20231225,70651
20231226,225724
20231227,94953
20231228,283873
20231229,115303
20231230,107693
20231231,26521
20240101,18157
20240102,40508
20240103,32308
20240104,34645
20240105,71591
20240106,87333
20240107,74734
20240108,196371
20240109,219533
20240110,228575
20240111,83509
20240112,104022
20240113,68137
20240114,38786
20240115,71554
20240116,144514
20240117,620808
20240118,525663
20240119,227322
20240120,68213
20240121,51632
20240122,776786
20240123,430034
20240124,335607
20240125,239618
20240126,183195
20240127,60682
20240128,62558
20240129,165137
20240130,144247
20240131,309872
20240201,279572
20240202,645158
20240203,475385
20240204,197657
20240205,1364144
20240206,769033
20240207,314879
20240208,194739
20240209,55989
20240210,21149
20240211,20024
20240212,32532
20240213,30354
20240214,58916
20240215,62763
20240216,26805
20240217,31432
20240218,109602
20240219,217592
20240220,97281
20240221,99371
20240222,71367
20240223,92548
20240224,57211
20240225,23152
20240226,70351
20240227,67340
20240228,223906
20240229,115222
20240301,77124
20240302,42486
20240303,23232
20240304,66039
20240305,32529
20240306,52955
20240307,56203
20240308,25828
20240309,13983
20240310,12754
20240311,31217
20240312,56540
20240313,28816
20240314,27393
20240315,24611
20240316,19223
20240317,18236
20240318,48145
20240319,85390
20240320,51425
20240321,41375
20240322,37703
20240323,20063
20240324,13918
20240325,33310
20240326,30805
20240327,189466
20240328,76887
20240329,22232
20240330,10388
20240331,9945
20240401,24303
20240402,21525
20240403,18004
20240404,26539
20240405,16400
20240406,8579
20240407,19432
20240408,31645
20240409,26418
20240410,46231
20240411,46517
20240412,39013
20240413,51561
20240414,37851
20240415,151011
20240416,218445
20240417,108584
20240418,61153
20240419,43852
20240420,24196
20240421,15192
20240422,27357
20240423,25176
20240424,19525
20240425,49095
20240426,30755
20240427,16844
20240428,22536
20240429,29440
20240430,24094
20240501,11942
20240502,9335
20240503,9140
20240504,49740
20240505,28370
20240506,44185
20240507,87970
20240508,45159
20240509,40076
20240510,39743
20240511,25140
20240512,14118
20240513,23092
20240514,21878
20240515,22878
20240516,108818
20240517,29757
20240518,11877
20240519,10290
20240520,18860
20240521,25522
20240522,50094
20240523,82905
20240524,60050
20240525,26001
20240526,31273
20240527,32103
20240528,32956
20240529,19643
20240530,35945
20240531,27255
20240601,11095
20240602,13213
20240603,38178
20240604,35409
20240605,45998
20240606,92491
20240607,56651
20240608,33792
20240609,11754
20240610,11160
20240611,26930
20240612,22574
20240613,31591
20240614,32259
20240615,15285
20240616,10828
20240617,39601
20240618,23709
20240619,25989
20240620,51455
20240621,58721
20240622,32120
20240623,14580
20240624,99160
20240625,83731
20240626,50365
20240627,59768
20240628,61851
20240629,16902
20240630,19493
20240701,37960
20240702,40178
20240703,64046
20240704,87231
20240705,93613
20240706,30977
20240707,14733
20240708,86605
20240709,60717
20240710,44550
20240711,53890
20240712,359803
20240713,92561
20240714,48403
20240715,38458
20240716,32273
20240717,29702
20240718,32049
20240719,25950
20240720,13776
20240721,12555
20240722,25749
20240723,75728
20240724,71586
20240725,64124
20240726,37594
20240727,16005
20240728,12949
20240729,32931
20240730,30110
20240731,112005
20240801,75905
20240802,35666
20240803,34423
20240804,31562
20240805,167983
20240806,61135
20240807,35639
20240808,32383
20240809,32394
20240810,14340
20240811,11625
20240812,64987
20240813,57711
20240814,51816
20240815,38975
20240816,32826
20240817,10892
20240818,10347
20240819,35121
20240820,52486
20240821,236167
20240822,360571
20240823,41012
20240824,28534
20240825,13522
20240826,32040
20240827,53964
20240828,46504
20240829,32615
20240830,39305
20240831,11130
20240901,10656
20240902,104108
20240903,69002
20240904,45457
20240905,33782
20240906,54955
20240907,36195
20240908,15075
20240909,75397
20240910,66539
20240911,52136
20240912,47168
20240913,64036
20240914,20629
20240915,11931
20240916,13888
20240917,12687
20240918,104683
20240919,123912
20240920,88452
20240921,26960
20240922,32516
20240923,42375
20240924,448666
20240925,529985
20240926,454565
20240927,1336269
20240928,365680
20240929,604224
20240930,3002701
20241001,916774
20241002,325441
20241003,235246
20241004,246912
20241005,154364
20241006,265367
20241007,766269
20241008,3958277
20241009,3610615
20241010,2189096
20241011,1501741
20241012,671324
20241013,464149
20241014,852093
20241015,576278
20241016,435101
20241017,359664
20241018,542124
20241019,205020
20241020,159726
20241021,390650
20241022,359198
20241023,508914
20241024,249815
20241025,240740
20241026,63793
20241027,117965
20241028,202568
20241029,374304
20241030,245997
20241031,168896
20241101,275152
20241102,116469
20241103,161130
20241104,183532
20241105,225938
20241106,369435
20241107,415563
20241108,344953
20241109,70405
20241110,78041
20241111,209686
20241112,243264
20241113,222119
20241114,368377
20241115,287131
20241116,76092
20241117,77751
20241118,238588
20241119,205478
20241120,179975
20241121,209286
20241122,453013
20241123,82636
20241124,46923
20241125,224069
20241126,200799
20241127,243402
20241128,278854
20241129,224412
20241130,50541
20241201,51218
20241202,163370
20241203,154196
20241204,149731
20241205,127878
20241206,117817
20241207,28380
20241208,26877
20241209,146968
20241210,484396
20241211,173797
20241212,116985
20241213,237225
20241214,40857
20241215,29597
20241216,150271
20241217,242022
20241218,149609
20241219,194977
20241220,113083
20241221,54984
20241222,67164
20241223,239940
20241224,405248
20241225,221715
20241226,114399
20241227,95573
20241228,54927
20241229,55924
20241230,116621
20241231,282247
20250101,64671
20250102,246583
20250103,257699
20250104,114293
20250105,77056
20250106,226373
20250107,176220
20250108,178472
20250109,122003
20250110,159004
20250111,42214
20250112,41550
20250113,180471
20250114,296007
20250115,140428
20250116,123768
20250117,101220
20250118,31609
20250119,69847
20250120,120981
20250121,125428
20250122,134072
20250123,219409
20250124,104716
20250125,44991
20250126,36769
20250127,97669
20250128,35302
20250129,30643
20250130,19051
20250131,18852
20250201,16359
20250202,19773
20250203,28801
20250204,32587
20250205,185975
20250206,105440
20250207,178815
20250208,39120
20250209,24586
20250210,100585
20250211,93143
20250212,108026
20250213,123089
20250214,90142
20250215,30795
20250216,27547
20250217,99155
20250218,115075
20250219,98757
20250220,94466
20250221,109999
20250222,32684
20250223,38786
20250224,100545
20250225,107893
20250226,93685
20250227,102125
20250228,256546
20250301,34421
20250302,26553
20250303,98314
20250304,130421
20250305,87077
20250306,99812
20250307,92820
20250308,36570
20250309,63344
20250310,90343
20250311,133612
20250312,98544
20250313,98803
20250314,141032
20250315,33180
20250316,41655
20250317,87475
20250318,85016
20250319,81892
20250320,83255
20250321,113126
20250322,32288
20250323,57611
20250324,113621
20250325,135512
20250326,89993
20250327,82060
20250328,86092
20250329,23415
20250330,25423
20250331,113601
20250401,82398
20250402,78761
20250403,104753
20250404,43981
20250405,61206
20250406,81833
20250407,1673871
20250408,1410083
20250409,1019980
20250410,664849
20250411,390706
20250412,94307
20250413,60037
20250414,203115
20250415,165517
20250416,182402
20250417,148630
20250418,125670
20250419,31463
20250420,32121
20250421,124392
20250422,123010
20250423,112540
20250424,121504
20250425,129676
20250426,32437
20250427,63443
20250428,96845
20250429,77149
20250430,70080
20250501,22377
20250502,20402
20250503,18025
20250504,21098
20250505,26950
20250506,94690
20250507,133215
20250508,91489
20250509,83567
20250510,27805
20250511,20806
20250512,152409
20250513,248532
20250514,116965
20250515,113450
20250516,79035
20250517,27045
20250518,34339
20250519,82284
20250520,75429
20250521,74153
20250522,76340
20250523,102647
20250524,33453
20250525,19806
20250526,69421
20250527,71076
20250528,79556
20250529,87729
20250530,80809
20250531,20453
20250601,17426
20250602,39485
20250603,75333
20250604,67474
20250605,94556
20250606,76987
20250607,21666
20250608,20392
20250609,66377
20250610,120167
20250611,73427
20250612,68299
20250613,85620
20250614,21423
20250615,21093
20250616,64272
20250617,62626
20250618,68822
20250619,99091
20250620,77439
20250621,19518
20250622,43273
20250623,90969
20250624,93353
20250625,110131
20250626,88821
20250627,77172
20250628,21556
20250629,24107
20250630,70541
20250701,69311
20250702,66891
20250703,63001
20250704,69092
20250705,21225
20250706,20046
20250707,64876
20250708,70515
20250709,82009
20250710,78064
20250711,187415
20250712,31311
20250713,32782
20250714,63876
20250715,77880
20250716,68881
20250717,64192
20250718,65188
20250719,20001
20250720,19001
20250721,70849
20250722,147362
20250723,99662
20250724,88388
20250725,79911
20250726,39258
20250727,23368
20250728,69225
20250729,70193
20250730,93146
20250731,119048
20250801,83476
20250802,40561
20250803,32927
20250804,85085
20250805,70892
20250806,96110
20250807,104053
20250808,80757
20250809,23332
20250810,24595
20250811,65534
20250812,73250
20250813,93808
20250814,114684
20250815,88462
20250816,27110
20250817,28742
20250818,250241
20250819,140850
20250820,127088
20250821,120126
20250822,156411
20250823,67370
20250824,46420
20250825,178527
20250826,161919

