idx,tp,fp,total_signals,score,turnover_heat_z,turnover_rate_heat_z,search_heat_z,margin_heat_z,price_accel_z,amplitude_heat_z,ma_spread_z,up_ratio_z
0,1,33,34,67.0,0.0,0.0,0.0,0.0,0.0,1.0,0.0,0.0
1,1,19,20,81.0,0.0,0.0,0.0,0.0,0.06,0.9,0.025,0.015
2,1,10,11,90.0,0.0,0.0,0.0,0.0,0.12,0.8,0.05,0.03
3,1,11,12,89.0,0.0,0.0,0.0,0.0,0.18,0.7,0.075,0.045
4,1,14,15,86.0,0.0,0.0,0.0,0.0,0.24,0.6,0.1,0.06
5,1,18,19,82.0,0.0,0.0,0.0,0.0,0.3,0.5,0.125,0.075
6,1,22,23,78.0,0.0,0.0,0.0,0.0,0.36,0.4,0.15,0.09
7,1,23,24,77.0,0.0,0.0,0.0,0.0,0.42,0.3,0.175,0.105
8,1,25,26,75.0,0.0,0.0,0.0,0.0,0.48,0.2,0.2,0.12
9,1,36,37,64.0,0.0,0.0,0.0,0.0,0.54,0.1,0.225,0.135
10,1,46,47,54.0,0.0,0.0,0.0,0.0,0.6,0.0,0.25,0.15
11,1,26,27,74.0,0.0,0.0,0.0,0.1,0.0,0.9,0.0,0.0
12,1,13,14,87.0,0.0,0.0,0.0,0.1,0.06,0.8,0.025,0.015
13,1,10,11,90.0,0.0,0.0,0.0,0.1,0.12,0.7,0.05,0.03
14,1,11,12,89.0,0.0,0.0,0.0,0.1,0.18,0.6,0.075,0.045
15,1,15,16,85.0,0.0,0.0,0.0,0.1,0.24,0.5,0.1,0.06
16,1,19,20,81.0,0.0,0.0,0.0,0.1,0.3,0.4,0.125,0.075
17,1,19,20,81.0,0.0,0.0,0.0,0.1,0.36,0.3,0.15,0.09
18,1,20,21,80.0,0.0,0.0,0.0,0.1,0.42,0.2,0.175,0.105
19,1,29,30,71.0,0.0,0.0,0.0,0.1,0.48,0.1,0.2,0.12
20,1,36,37,64.0,0.0,0.0,0.0,0.1,0.54,0.0,0.225,0.135
21,1,22,23,78.0,0.0,0.0,0.0,0.2,0.0,0.8,0.0,0.0
22,0,11,11,-11.0,0.0,0.0,0.0,0.2,0.06,0.7,0.025,0.015
23,0,12,12,-12.0,0.0,0.0,0.0,0.2,0.12,0.6,0.05,0.03
24,0,14,14,-14.0,0.0,0.0,0.0,0.2,0.18,0.5,0.075,0.045
25,0,16,16,-16.0,0.0,0.0,0.0,0.2,0.24,0.4,0.1,0.06
26,0,19,19,-19.0,0.0,0.0,0.0,0.2,0.3,0.3,0.125,0.075
27,0,19,19,-19.0,0.0,0.0,0.0,0.2,0.36,0.2,0.15,0.09
28,0,25,25,-25.0,0.0,0.0,0.0,0.2,0.42,0.1,0.175,0.105
29,0,32,32,-32.0,0.0,0.0,0.0,0.2,0.48,0.0,0.2,0.12
30,0,21,21,-21.0,0.0,0.0,0.0,0.3,0.0,0.7,0.0,0.0
31,0,11,11,-11.0,0.0,0.0,0.0,0.3,0.06,0.6,0.025,0.015
32,0,12,12,-12.0,0.0,0.0,0.0,0.3,0.12,0.5,0.05,0.03
33,0,15,15,-15.0,0.0,0.0,0.0,0.3,0.18,0.4,0.075,0.045
34,0,17,17,-17.0,0.0,0.0,0.0,0.3,0.24,0.3,0.1,0.06
35,0,18,18,-18.0,0.0,0.0,0.0,0.3,0.3,0.2,0.125,0.075
36,0,21,21,-21.0,0.0,0.0,0.0,0.3,0.36,0.1,0.15,0.09
37,0,29,29,-29.0,0.0,0.0,0.0,0.3,0.42,0.0,0.175,0.105
38,0,25,25,-25.0,0.0,0.0,0.0,0.4,0.0,0.6,0.0,0.0
39,0,13,13,-13.0,0.0,0.0,0.0,0.4,0.06,0.5,0.025,0.015
40,0,14,14,-14.0,0.0,0.0,0.0,0.4,0.12,0.4,0.05,0.03
41,0,15,15,-15.0,0.0,0.0,0.0,0.4,0.18,0.3,0.075,0.045
42,0,17,17,-17.0,0.0,0.0,0.0,0.4,0.24,0.2,0.1,0.06
43,0,15,15,-15.0,0.0,0.0,0.0,0.4,0.3,0.1,0.125,0.075
44,0,26,26,-26.0,0.0,0.0,0.0,0.4,0.36,0.0,0.15,0.09
45,0,28,28,-28.0,0.0,0.0,0.0,0.5,0.0,0.5,0.0,0.0
46,0,15,15,-15.0,0.0,0.0,0.0,0.5,0.06,0.4,0.025,0.015
47,0,14,14,-14.0,0.0,0.0,0.0,0.5,0.12,0.3,0.05,0.03
48,0,15,15,-15.0,0.0,0.0,0.0,0.5,0.18,0.2,0.075,0.045
49,0,15,15,-15.0,0.0,0.0,0.0,0.5,0.24,0.1,0.1,0.06
50,0,25,25,-25.0,0.0,0.0,0.0,0.5,0.3,0.0,0.125,0.075
51,0,34,34,-34.0,0.0,0.0,0.0,0.6,0.0,0.4,0.0,0.0
52,0,22,22,-22.0,0.0,0.0,0.0,0.6,0.06,0.3,0.025,0.015
53,0,16,16,-16.0,0.0,0.0,0.0,0.6,0.12,0.2,0.05,0.03
54,0,17,17,-17.0,0.0,0.0,0.0,0.6,0.18,0.1,0.075,0.045
55,0,30,30,-30.0,0.0,0.0,0.0,0.6,0.24,0.0,0.1,0.06
56,0,65,65,-65.0,0.0,0.0,0.0,0.7,0.0,0.3,0.0,0.0
57,0,55,55,-55.0,0.0,0.0,0.0,0.7,0.06,0.2,0.025,0.015
58,0,62,62,-62.0,0.0,0.0,0.0,0.7,0.12,0.1,0.05,0.03
59,0,78,78,-78.0,0.0,0.0,0.0,0.7,0.18,0.0,0.075,0.045
60,0,147,147,-147.0,0.0,0.0,0.0,0.8,0.0,0.2,0.0,0.0
61,0,142,142,-142.0,0.0,0.0,0.0,0.8,0.06,0.1,0.025,0.015
62,0,144,144,-144.0,0.0,0.0,0.0,0.8,0.12,0.0,0.05,0.03
63,0,163,163,-163.0,0.0,0.0,0.0,0.9,0.0,0.1,0.0,0.0
64,0,166,166,-166.0,0.0,0.0,0.0,0.9,0.06,0.0,0.025,0.015
65,0,175,175,-175.0,0.0,0.0,0.0,1.0,0.0,0.0,0.0,0.0
66,1,34,35,66.0,0.0,0.0,0.1,0.0,0.0,0.9,0.0,0.0
67,1,16,17,84.0,0.0,0.0,0.1,0.0,0.06,0.8,0.025,0.015
68,1,11,12,89.0,0.0,0.0,0.1,0.0,0.12,0.7,0.05,0.03
69,1,12,13,88.0,0.0,0.0,0.1,0.0,0.18,0.6,0.075,0.045
70,1,16,17,84.0,0.0,0.0,0.1,0.0,0.24,0.5,0.1,0.06
71,1,21,22,79.0,0.0,0.0,0.1,0.0,0.3,0.4,0.125,0.075
72,1,23,24,77.0,0.0,0.0,0.1,0.0,0.36,0.3,0.15,0.09
73,1,25,26,75.0,0.0,0.0,0.1,0.0,0.42,0.2,0.175,0.105
74,1,34,35,66.0,0.0,0.0,0.1,0.0,0.48,0.1,0.2,0.12
75,1,44,45,56.0,0.0,0.0,0.1,0.0,0.54,0.0,0.225,0.135
76,1,25,26,75.0,0.0,0.0,0.1,0.1,0.0,0.8,0.0,0.0
77,1,11,12,89.0,0.0,0.0,0.1,0.1,0.06,0.7,0.025,0.015
78,1,12,13,88.0,0.0,0.0,0.1,0.1,0.12,0.6,0.05,0.03
79,1,13,14,87.0,0.0,0.0,0.1,0.1,0.18,0.5,0.075,0.045
80,1,16,17,84.0,0.0,0.0,0.1,0.1,0.24,0.4,0.1,0.06
81,1,19,20,81.0,0.0,0.0,0.1,0.1,0.3,0.3,0.125,0.075
82,1,20,21,80.0,0.0,0.0,0.1,0.1,0.36,0.2,0.15,0.09
83,1,27,28,73.0,0.0,0.0,0.1,0.1,0.42,0.1,0.175,0.105
84,1,35,36,65.0,0.0,0.0,0.1,0.1,0.48,0.0,0.2,0.12
85,1,21,22,79.0,0.0,0.0,0.1,0.2,0.0,0.7,0.0,0.0
86,0,11,11,-11.0,0.0,0.0,0.1,0.2,0.06,0.6,0.025,0.015
87,0,13,13,-13.0,0.0,0.0,0.1,0.2,0.12,0.5,0.05,0.03
88,0,15,15,-15.0,0.0,0.0,0.1,0.2,0.18,0.4,0.075,0.045
89,0,18,18,-18.0,0.0,0.0,0.1,0.2,0.24,0.3,0.1,0.06
90,0,20,20,-20.0,0.0,0.0,0.1,0.2,0.3,0.2,0.125,0.075
91,0,22,22,-22.0,0.0,0.0,0.1,0.2,0.36,0.1,0.15,0.09
92,0,32,32,-32.0,0.0,0.0,0.1,0.2,0.42,0.0,0.175,0.105
93,0,21,21,-21.0,0.0,0.0,0.1,0.3,0.0,0.6,0.0,0.0
94,0,11,11,-11.0,0.0,0.0,0.1,0.3,0.06,0.5,0.025,0.015
95,0,13,13,-13.0,0.0,0.0,0.1,0.3,0.12,0.4,0.05,0.03
96,0,16,16,-16.0,0.0,0.0,0.1,0.3,0.18,0.3,0.075,0.045
97,0,18,18,-18.0,0.0,0.0,0.1,0.3,0.24,0.2,0.1,0.06
98,0,18,18,-18.0,0.0,0.0,0.1,0.3,0.3,0.1,0.125,0.075
99,0,29,29,-29.0,0.0,0.0,0.1,0.3,0.36,0.0,0.15,0.09
100,0,27,27,-27.0,0.0,0.0,0.1,0.4,0.0,0.5,0.0,0.0
101,0,14,14,-14.0,0.0,0.0,0.1,0.4,0.06,0.4,0.025,0.015
102,0,16,16,-16.0,0.0,0.0,0.1,0.4,0.12,0.3,0.05,0.03
103,0,17,17,-17.0,0.0,0.0,0.1,0.4,0.18,0.2,0.075,0.045
104,0,16,16,-16.0,0.0,0.0,0.1,0.4,0.24,0.1,0.1,0.06
105,0,26,26,-26.0,0.0,0.0,0.1,0.4,0.3,0.0,0.125,0.075
106,0,31,31,-31.0,0.0,0.0,0.1,0.5,0.0,0.4,0.0,0.0
107,0,18,18,-18.0,0.0,0.0,0.1,0.5,0.06,0.3,0.025,0.015
108,0,16,16,-16.0,0.0,0.0,0.1,0.5,0.12,0.2,0.05,0.03
109,0,16,16,-16.0,0.0,0.0,0.1,0.5,0.18,0.1,0.075,0.045
110,0,26,26,-26.0,0.0,0.0,0.1,0.5,0.24,0.0,0.1,0.06
111,0,46,46,-46.0,0.0,0.0,0.1,0.6,0.0,0.3,0.0,0.0
112,0,33,33,-33.0,0.0,0.0,0.1,0.6,0.06,0.2,0.025,0.015
113,0,27,27,-27.0,0.0,0.0,0.1,0.6,0.12,0.1,0.05,0.03
114,0,44,44,-44.0,0.0,0.0,0.1,0.6,0.18,0.0,0.075,0.045
115,0,112,112,-112.0,0.0,0.0,0.1,0.7,0.0,0.2,0.0,0.0
116,0,107,107,-107.0,0.0,0.0,0.1,0.7,0.06,0.1,0.025,0.015
117,0,110,110,-110.0,0.0,0.0,0.1,0.7,0.12,0.0,0.05,0.03
118,0,160,160,-160.0,0.0,0.0,0.1,0.8,0.0,0.1,0.0,0.0
119,0,165,165,-165.0,0.0,0.0,0.1,0.8,0.06,0.0,0.025,0.015
120,0,168,168,-168.0,0.0,0.0,0.1,0.9,0.0,0.0,0.0,0.0
121,1,34,35,66.0,0.0,0.0,0.2,0.0,0.0,0.8,0.0,0.0
122,1,13,14,87.0,0.0,0.0,0.2,0.0,0.06,0.7,0.025,0.015
123,1,11,12,89.0,0.0,0.0,0.2,0.0,0.12,0.6,0.05,0.03
124,1,13,14,87.0,0.0,0.0,0.2,0.0,0.18,0.5,0.075,0.045
125,1,19,20,81.0,0.0,0.0,0.2,0.0,0.24,0.4,0.1,0.06
126,1,22,23,78.0,0.0,0.0,0.2,0.0,0.3,0.3,0.125,0.075
127,1,25,26,75.0,0.0,0.0,0.2,0.0,0.36,0.2,0.15,0.09
128,1,34,35,66.0,0.0,0.0,0.2,0.0,0.42,0.1,0.175,0.105
129,1,42,43,58.0,0.0,0.0,0.2,0.0,0.48,0.0,0.2,0.12
130,1,25,26,75.0,0.0,0.0,0.2,0.1,0.0,0.7,0.0,0.0
131,1,11,12,89.0,0.0,0.0,0.2,0.1,0.06,0.6,0.025,0.015
132,1,12,13,88.0,0.0,0.0,0.2,0.1,0.12,0.5,0.05,0.03
133,1,16,17,84.0,0.0,0.0,0.2,0.1,0.18,0.4,0.075,0.045
134,1,19,20,81.0,0.0,0.0,0.2,0.1,0.24,0.3,0.1,0.06
135,1,19,20,81.0,0.0,0.0,0.2,0.1,0.3,0.2,0.125,0.075
136,1,24,25,76.0,0.0,0.0,0.2,0.1,0.36,0.1,0.15,0.09
137,1,34,35,66.0,0.0,0.0,0.2,0.1,0.42,0.0,0.175,0.105
138,1,21,22,79.0,0.0,0.0,0.2,0.2,0.0,0.6,0.0,0.0
139,0,12,12,-12.0,0.0,0.0,0.2,0.2,0.06,0.5,0.025,0.015
140,0,14,14,-14.0,0.0,0.0,0.2,0.2,0.12,0.4,0.05,0.03
141,0,17,17,-17.0,0.0,0.0,0.2,0.2,0.18,0.3,0.075,0.045
142,0,20,20,-20.0,0.0,0.0,0.2,0.2,0.24,0.2,0.1,0.06
143,0,20,20,-20.0,0.0,0.0,0.2,0.2,0.3,0.1,0.125,0.075
144,0,30,30,-30.0,0.0,0.0,0.2,0.2,0.36,0.0,0.15,0.09
145,0,25,25,-25.0,0.0,0.0,0.2,0.3,0.0,0.5,0.0,0.0
146,0,13,13,-13.0,0.0,0.0,0.2,0.3,0.06,0.4,0.025,0.015
147,0,16,16,-16.0,0.0,0.0,0.2,0.3,0.12,0.3,0.05,0.03
148,0,18,18,-18.0,0.0,0.0,0.2,0.3,0.18,0.2,0.075,0.045
149,0,17,17,-17.0,0.0,0.0,0.2,0.3,0.24,0.1,0.1,0.06
150,0,28,28,-28.0,0.0,0.0,0.2,0.3,0.3,0.0,0.125,0.075
151,0,29,29,-29.0,0.0,0.0,0.2,0.4,0.0,0.4,0.0,0.0
152,0,16,16,-16.0,0.0,0.0,0.2,0.4,0.06,0.3,0.025,0.015
153,0,17,17,-17.0,0.0,0.0,0.2,0.4,0.12,0.2,0.05,0.03
154,0,17,17,-17.0,0.0,0.0,0.2,0.4,0.18,0.1,0.075,0.045
155,0,26,26,-26.0,0.0,0.0,0.2,0.4,0.24,0.0,0.1,0.06
156,0,36,36,-36.0,0.0,0.0,0.2,0.5,0.0,0.3,0.0,0.0
157,0,24,24,-24.0,0.0,0.0,0.2,0.5,0.06,0.2,0.025,0.015
158,0,21,21,-21.0,0.0,0.0,0.2,0.5,0.12,0.1,0.05,0.03
159,0,31,31,-31.0,0.0,0.0,0.2,0.5,0.18,0.0,0.075,0.045
160,0,85,85,-85.0,0.0,0.0,0.2,0.6,0.0,0.2,0.0,0.0
161,0,83,83,-83.0,0.0,0.0,0.2,0.6,0.06,0.1,0.025,0.015
162,0,93,93,-93.0,0.0,0.0,0.2,0.6,0.12,0.0,0.05,0.03
163,0,132,132,-132.0,0.0,0.0,0.2,0.7,0.0,0.1,0.0,0.0
164,0,133,133,-133.0,0.0,0.0,0.2,0.7,0.06,0.0,0.025,0.015
165,0,168,168,-168.0,0.0,0.0,0.2,0.8,0.0,0.0,0.0,0.0
166,1,35,36,65.0,0.0,0.0,0.3,0.0,0.0,0.7,0.0,0.0
167,1,12,13,88.0,0.0,0.0,0.3,0.0,0.06,0.6,0.025,0.015
168,1,11,12,89.0,0.0,0.0,0.3,0.0,0.12,0.5,0.05,0.03
169,1,16,17,84.0,0.0,0.0,0.3,0.0,0.18,0.4,0.075,0.045
170,1,21,22,79.0,0.0,0.0,0.3,0.0,0.24,0.3,0.1,0.06
171,1,24,25,76.0,0.0,0.0,0.3,0.0,0.3,0.2,0.125,0.075
172,1,30,31,70.0,0.0,0.0,0.3,0.0,0.36,0.1,0.15,0.09
173,1,43,44,57.0,0.0,0.0,0.3,0.0,0.42,0.0,0.175,0.105
174,1,26,27,74.0,0.0,0.0,0.3,0.1,0.0,0.6,0.0,0.0
175,1,11,12,89.0,0.0,0.0,0.3,0.1,0.06,0.5,0.025,0.015
176,1,13,14,87.0,0.0,0.0,0.3,0.1,0.12,0.4,0.05,0.03
177,1,16,17,84.0,0.0,0.0,0.3,0.1,0.18,0.3,0.075,0.045
178,1,19,20,81.0,0.0,0.0,0.3,0.1,0.24,0.2,0.1,0.06
179,1,20,21,80.0,0.0,0.0,0.3,0.1,0.3,0.1,0.125,0.075
180,1,35,36,65.0,0.0,0.0,0.3,0.1,0.36,0.0,0.15,0.09
181,1,22,23,78.0,0.0,0.0,0.3,0.2,0.0,0.5,0.0,0.0
182,0,13,13,-13.0,0.0,0.0,0.3,0.2,0.06,0.4,0.025,0.015
183,0,16,16,-16.0,0.0,0.0,0.3,0.2,0.12,0.3,0.05,0.03
184,0,19,19,-19.0,0.0,0.0,0.3,0.2,0.18,0.2,0.075,0.045
185,0,20,20,-20.0,0.0,0.0,0.3,0.2,0.24,0.1,0.1,0.06
186,0,31,31,-31.0,0.0,0.0,0.3,0.2,0.3,0.0,0.125,0.075
187,0,27,27,-27.0,0.0,0.0,0.3,0.3,0.0,0.4,0.0,0.0
188,0,14,14,-14.0,0.0,0.0,0.3,0.3,0.06,0.3,0.025,0.015
189,0,17,17,-17.0,0.0,0.0,0.3,0.3,0.12,0.2,0.05,0.03
190,0,19,19,-19.0,0.0,0.0,0.3,0.3,0.18,0.1,0.075,0.045
191,0,28,28,-28.0,0.0,0.0,0.3,0.3,0.24,0.0,0.1,0.06
192,0,33,33,-33.0,0.0,0.0,0.3,0.4,0.0,0.3,0.0,0.0
193,0,20,20,-20.0,0.0,0.0,0.3,0.4,0.06,0.2,0.025,0.015
194,0,21,21,-21.0,0.0,0.0,0.3,0.4,0.12,0.1,0.05,0.03
195,0,28,28,-28.0,0.0,0.0,0.3,0.4,0.18,0.0,0.075,0.045
196,0,65,65,-65.0,0.0,0.0,0.3,0.5,0.0,0.2,0.0,0.0
197,0,59,59,-59.0,0.0,0.0,0.3,0.5,0.06,0.1,0.025,0.015
198,0,73,73,-73.0,0.0,0.0,0.3,0.5,0.12,0.0,0.05,0.03
199,0,120,120,-120.0,0.0,0.0,0.3,0.6,0.0,0.1,0.0,0.0
200,0,127,127,-127.0,0.0,0.0,0.3,0.6,0.06,0.0,0.025,0.015
201,0,140,140,-140.0,0.0,0.0,0.3,0.7,0.0,0.0,0.0,0.0
202,1,35,36,65.0,0.0,0.0,0.4,0.0,0.0,0.6,0.0,0.0
203,1,12,13,88.0,0.0,0.0,0.4,0.0,0.06,0.5,0.025,0.015
204,1,13,14,87.0,0.0,0.0,0.4,0.0,0.12,0.4,0.05,0.03
205,1,19,20,81.0,0.0,0.0,0.4,0.0,0.18,0.3,0.075,0.045
206,1,24,25,76.0,0.0,0.0,0.4,0.0,0.24,0.2,0.1,0.06
207,1,26,27,74.0,0.0,0.0,0.4,0.0,0.3,0.1,0.125,0.075
208,1,43,44,57.0,0.0,0.0,0.4,0.0,0.36,0.0,0.15,0.09
209,1,27,28,73.0,0.0,0.0,0.4,0.1,0.0,0.5,0.0,0.0
210,1,13,14,87.0,0.0,0.0,0.4,0.1,0.06,0.4,0.025,0.015
211,1,16,17,84.0,0.0,0.0,0.4,0.1,0.12,0.3,0.05,0.03
212,1,20,21,80.0,0.0,0.0,0.4,0.1,0.18,0.2,0.075,0.045
213,1,20,21,80.0,0.0,0.0,0.4,0.1,0.24,0.1,0.1,0.06
214,1,35,36,65.0,0.0,0.0,0.4,0.1,0.3,0.0,0.125,0.075
215,1,22,23,78.0,0.0,0.0,0.4,0.2,0.0,0.4,0.0,0.0
216,0,15,15,-15.0,0.0,0.0,0.4,0.2,0.06,0.3,0.025,0.015
217,0,19,19,-19.0,0.0,0.0,0.4,0.2,0.12,0.2,0.05,0.03
218,0,21,21,-21.0,0.0,0.0,0.4,0.2,0.18,0.1,0.075,0.045
219,0,31,31,-31.0,0.0,0.0,0.4,0.2,0.24,0.0,0.1,0.06
220,0,31,31,-31.0,0.0,0.0,0.4,0.3,0.0,0.3,0.0,0.0
221,0,16,16,-16.0,0.0,0.0,0.4,0.3,0.06,0.2,0.025,0.015
222,0,20,20,-20.0,0.0,0.0,0.4,0.3,0.12,0.1,0.05,0.03
223,0,28,28,-28.0,0.0,0.0,0.4,0.3,0.18,0.0,0.075,0.045
224,0,50,50,-50.0,0.0,0.0,0.4,0.4,0.0,0.2,0.0,0.0
225,0,35,35,-35.0,0.0,0.0,0.4,0.4,0.06,0.1,0.025,0.015
226,0,49,49,-49.0,0.0,0.0,0.4,0.4,0.12,0.0,0.05,0.03
227,0,116,116,-116.0,0.0,0.0,0.4,0.5,0.0,0.1,0.0,0.0
228,0,122,122,-122.0,0.0,0.0,0.4,0.5,0.06,0.0,0.025,0.015
229,0,134,134,-134.0,0.0,0.0,0.4,0.6,0.0,0.0,0.0,0.0
230,1,35,36,65.0,0.0,0.0,0.5,0.0,0.0,0.5,0.0,0.0
231,1,13,14,87.0,0.0,0.0,0.5,0.0,0.06,0.4,0.025,0.015
232,1,16,17,84.0,0.0,0.0,0.5,0.0,0.12,0.3,0.05,0.03
233,1,23,24,77.0,0.0,0.0,0.5,0.0,0.18,0.2,0.075,0.045
234,1,27,28,73.0,0.0,0.0,0.5,0.0,0.24,0.1,0.1,0.06
235,1,43,44,57.0,0.0,0.0,0.5,0.0,0.3,0.0,0.125,0.075
236,1,27,28,73.0,0.0,0.0,0.5,0.1,0.0,0.4,0.0,0.0
237,1,15,16,85.0,0.0,0.0,0.5,0.1,0.06,0.3,0.025,0.015
238,1,18,19,82.0,0.0,0.0,0.5,0.1,0.12,0.2,0.05,0.03
239,1,21,22,79.0,0.0,0.0,0.5,0.1,0.18,0.1,0.075,0.045
240,1,33,34,67.0,0.0,0.0,0.5,0.1,0.24,0.0,0.1,0.06
241,1,28,29,72.0,0.0,0.0,0.5,0.2,0.0,0.3,0.0,0.0
242,0,18,18,-18.0,0.0,0.0,0.5,0.2,0.06,0.2,0.025,0.015
243,0,22,22,-22.0,0.0,0.0,0.5,0.2,0.12,0.1,0.05,0.03
244,0,32,32,-32.0,0.0,0.0,0.5,0.2,0.18,0.0,0.075,0.045
245,0,41,41,-41.0,0.0,0.0,0.5,0.3,0.0,0.2,0.0,0.0
246,0,23,23,-23.0,0.0,0.0,0.5,0.3,0.06,0.1,0.025,0.015
247,0,34,34,-34.0,0.0,0.0,0.5,0.3,0.12,0.0,0.05,0.03
248,0,114,114,-114.0,0.0,0.0,0.5,0.4,0.0,0.1,0.0,0.0
249,0,111,111,-111.0,0.0,0.0,0.5,0.4,0.06,0.0,0.025,0.015
250,0,132,132,-132.0,0.0,0.0,0.5,0.5,0.0,0.0,0.0,0.0
251,1,25,26,75.0,0.05,0.05,0.0,0.0,0.0,0.9,0.0,0.0
252,1,14,15,86.0,0.05,0.05,0.0,0.0,0.06,0.8,0.025,0.015
253,1,12,13,88.0,0.05,0.05,0.0,0.0,0.12,0.7,0.05,0.03
254,1,14,15,86.0,0.05,0.05,0.0,0.0,0.18,0.6,0.075,0.045
255,1,17,18,83.0,0.05,0.05,0.0,0.0,0.24,0.5,0.1,0.06
256,1,22,23,78.0,0.05,0.05,0.0,0.0,0.3,0.4,0.125,0.075
257,1,23,24,77.0,0.05,0.05,0.0,0.0,0.36,0.3,0.15,0.09
258,1,27,28,73.0,0.05,0.05,0.0,0.0,0.42,0.2,0.175,0.105
259,1,40,41,60.0,0.05,0.05,0.0,0.0,0.48,0.1,0.2,0.12
260,1,47,48,53.0,0.05,0.05,0.0,0.0,0.54,0.0,0.225,0.135
261,1,20,21,80.0,0.05,0.05,0.0,0.1,0.0,0.8,0.0,0.0
262,1,13,14,87.0,0.05,0.05,0.0,0.1,0.06,0.7,0.025,0.015
263,1,14,15,86.0,0.05,0.05,0.0,0.1,0.12,0.6,0.05,0.03
264,1,14,15,86.0,0.05,0.05,0.0,0.1,0.18,0.5,0.075,0.045
265,1,17,18,83.0,0.05,0.05,0.0,0.1,0.24,0.4,0.1,0.06
266,1,19,20,81.0,0.05,0.05,0.0,0.1,0.3,0.3,0.125,0.075
267,1,20,21,80.0,0.05,0.05,0.0,0.1,0.36,0.2,0.15,0.09
268,1,30,31,70.0,0.05,0.05,0.0,0.1,0.42,0.1,0.175,0.105
269,1,36,37,64.0,0.05,0.05,0.0,0.1,0.48,0.0,0.2,0.12
270,1,17,18,83.0,0.05,0.05,0.0,0.2,0.0,0.7,0.0,0.0
271,0,13,13,-13.0,0.05,0.05,0.0,0.2,0.06,0.6,0.025,0.015
272,0,15,15,-15.0,0.05,0.05,0.0,0.2,0.12,0.5,0.05,0.03
273,0,16,16,-16.0,0.05,0.05,0.0,0.2,0.18,0.4,0.075,0.045
274,0,19,19,-19.0,0.05,0.05,0.0,0.2,0.24,0.3,0.1,0.06
275,0,19,19,-19.0,0.05,0.05,0.0,0.2,0.3,0.2,0.125,0.075
276,0,22,22,-22.0,0.05,0.05,0.0,0.2,0.36,0.1,0.15,0.09
277,0,32,32,-32.0,0.05,0.05,0.0,0.2,0.42,0.0,0.175,0.105
278,0,17,17,-17.0,0.05,0.05,0.0,0.3,0.0,0.6,0.0,0.0
279,0,14,14,-14.0,0.05,0.05,0.0,0.3,0.06,0.5,0.025,0.015
280,0,16,16,-16.0,0.05,0.05,0.0,0.3,0.12,0.4,0.05,0.03
281,0,16,16,-16.0,0.05,0.05,0.0,0.3,0.18,0.3,0.075,0.045
282,0,18,18,-18.0,0.05,0.05,0.0,0.3,0.24,0.2,0.1,0.06
283,0,21,21,-21.0,0.05,0.05,0.0,0.3,0.3,0.1,0.125,0.075
284,0,29,29,-29.0,0.05,0.05,0.0,0.3,0.36,0.0,0.15,0.09
285,0,19,19,-19.0,0.05,0.05,0.0,0.4,0.0,0.5,0.0,0.0
286,0,14,14,-14.0,0.05,0.05,0.0,0.4,0.06,0.4,0.025,0.015
287,0,15,15,-15.0,0.05,0.05,0.0,0.4,0.12,0.3,0.05,0.03
288,0,17,17,-17.0,0.05,0.05,0.0,0.4,0.18,0.2,0.075,0.045
289,0,20,20,-20.0,0.05,0.05,0.0,0.4,0.24,0.1,0.1,0.06
290,0,27,27,-27.0,0.05,0.05,0.0,0.4,0.3,0.0,0.125,0.075
291,0,25,25,-25.0,0.05,0.05,0.0,0.5,0.0,0.4,0.0,0.0
292,0,16,16,-16.0,0.05,0.05,0.0,0.5,0.06,0.3,0.025,0.015
293,0,14,14,-14.0,0.05,0.05,0.0,0.5,0.12,0.2,0.05,0.03
294,0,17,17,-17.0,0.05,0.05,0.0,0.5,0.18,0.1,0.075,0.045
295,0,26,26,-26.0,0.05,0.05,0.0,0.5,0.24,0.0,0.1,0.06
296,0,31,31,-31.0,0.05,0.05,0.0,0.6,0.0,0.3,0.0,0.0
297,0,26,26,-26.0,0.05,0.05,0.0,0.6,0.06,0.2,0.025,0.015
298,0,32,32,-32.0,0.05,0.05,0.0,0.6,0.12,0.1,0.05,0.03
299,0,45,45,-45.0,0.05,0.05,0.0,0.6,0.18,0.0,0.075,0.045
300,0,77,77,-77.0,0.05,0.05,0.0,0.7,0.0,0.2,0.0,0.0
301,0,77,77,-77.0,0.05,0.05,0.0,0.7,0.06,0.1,0.025,0.015
302,0,88,88,-88.0,0.05,0.05,0.0,0.7,0.12,0.0,0.05,0.03
303,0,148,148,-148.0,0.05,0.05,0.0,0.8,0.0,0.1,0.0,0.0
304,0,157,157,-157.0,0.05,0.05,0.0,0.8,0.06,0.0,0.025,0.015
305,0,208,208,-208.0,0.05,0.05,0.0,0.9,0.0,0.0,0.0,0.0
306,1,25,26,75.0,0.05,0.05,0.1,0.0,0.0,0.8,0.0,0.0
307,1,13,14,87.0,0.05,0.05,0.1,0.0,0.06,0.7,0.025,0.015
308,1,13,14,87.0,0.05,0.05,0.1,0.0,0.12,0.6,0.05,0.03
309,1,16,17,84.0,0.05,0.05,0.1,0.0,0.18,0.5,0.075,0.045
310,1,20,21,80.0,0.05,0.05,0.1,0.0,0.24,0.4,0.1,0.06
311,1,23,24,77.0,0.05,0.05,0.1,0.0,0.3,0.3,0.125,0.075
312,1,26,27,74.0,0.05,0.05,0.1,0.0,0.36,0.2,0.15,0.09
313,1,36,37,64.0,0.05,0.05,0.1,0.0,0.42,0.1,0.175,0.105
314,1,44,45,56.0,0.05,0.05,0.1,0.0,0.48,0.0,0.2,0.12
315,1,19,20,81.0,0.05,0.05,0.1,0.1,0.0,0.7,0.0,0.0
316,1,15,16,85.0,0.05,0.05,0.1,0.1,0.06,0.6,0.025,0.015
317,1,14,15,86.0,0.05,0.05,0.1,0.1,0.12,0.5,0.05,0.03
318,1,15,16,85.0,0.05,0.05,0.1,0.1,0.18,0.4,0.075,0.045
319,1,18,19,82.0,0.05,0.05,0.1,0.1,0.24,0.3,0.1,0.06
320,1,20,21,80.0,0.05,0.05,0.1,0.1,0.3,0.2,0.125,0.075
321,1,27,28,73.0,0.05,0.05,0.1,0.1,0.36,0.1,0.15,0.09
322,1,35,36,65.0,0.05,0.05,0.1,0.1,0.42,0.0,0.175,0.105
323,1,16,17,84.0,0.05,0.05,0.1,0.2,0.0,0.6,0.0,0.0
324,0,15,15,-15.0,0.05,0.05,0.1,0.2,0.06,0.5,0.025,0.015
325,0,15,15,-15.0,0.05,0.05,0.1,0.2,0.12,0.4,0.05,0.03
326,0,18,18,-18.0,0.05,0.05,0.1,0.2,0.18,0.3,0.075,0.045
327,0,19,19,-19.0,0.05,0.05,0.1,0.2,0.24,0.2,0.1,0.06
328,0,23,23,-23.0,0.05,0.05,0.1,0.2,0.3,0.1,0.125,0.075
329,0,30,30,-30.0,0.05,0.05,0.1,0.2,0.36,0.0,0.15,0.09
330,0,18,18,-18.0,0.05,0.05,0.1,0.3,0.0,0.5,0.0,0.0
331,0,15,15,-15.0,0.05,0.05,0.1,0.3,0.06,0.4,0.025,0.015
332,0,16,16,-16.0,0.05,0.05,0.1,0.3,0.12,0.3,0.05,0.03
333,0,18,18,-18.0,0.05,0.05,0.1,0.3,0.18,0.2,0.075,0.045
334,0,23,23,-23.0,0.05,0.05,0.1,0.3,0.24,0.1,0.1,0.06
335,0,29,29,-29.0,0.05,0.05,0.1,0.3,0.3,0.0,0.125,0.075
336,0,22,22,-22.0,0.05,0.05,0.1,0.4,0.0,0.4,0.0,0.0
337,0,15,15,-15.0,0.05,0.05,0.1,0.4,0.06,0.3,0.025,0.015
338,0,16,16,-16.0,0.05,0.05,0.1,0.4,0.12,0.2,0.05,0.03
339,0,17,17,-17.0,0.05,0.05,0.1,0.4,0.18,0.1,0.075,0.045
340,0,26,26,-26.0,0.05,0.05,0.1,0.4,0.24,0.0,0.1,0.06
341,0,28,28,-28.0,0.05,0.05,0.1,0.5,0.0,0.3,0.0,0.0
342,0,19,19,-19.0,0.05,0.05,0.1,0.5,0.06,0.2,0.025,0.015
343,0,20,20,-20.0,0.05,0.05,0.1,0.5,0.12,0.1,0.05,0.03
344,0,31,31,-31.0,0.05,0.05,0.1,0.5,0.18,0.0,0.075,0.045
345,0,47,47,-47.0,0.05,0.05,0.1,0.6,0.0,0.2,0.0,0.0
346,0,50,50,-50.0,0.05,0.05,0.1,0.6,0.06,0.1,0.025,0.015
347,0,76,76,-76.0,0.05,0.05,0.1,0.6,0.12,0.0,0.05,0.03
348,0,121,121,-121.0,0.05,0.05,0.1,0.7,0.0,0.1,0.0,0.0
349,0,121,121,-121.0,0.05,0.05,0.1,0.7,0.06,0.0,0.025,0.015
350,0,208,208,-208.0,0.05,0.05,0.1,0.8,0.0,0.0,0.0,0.0
351,1,27,28,73.0,0.05,0.05,0.2,0.0,0.0,0.7,0.0,0.0
352,1,12,13,88.0,0.05,0.05,0.2,0.0,0.06,0.6,0.025,0.015
353,1,14,15,86.0,0.05,0.05,0.2,0.0,0.12,0.5,0.05,0.03
354,1,18,19,82.0,0.05,0.05,0.2,0.0,0.18,0.4,0.075,0.045
355,1,22,23,78.0,0.05,0.05,0.2,0.0,0.24,0.3,0.1,0.06
356,1,25,26,75.0,0.05,0.05,0.2,0.0,0.3,0.2,0.125,0.075
357,1,34,35,66.0,0.05,0.05,0.2,0.0,0.36,0.1,0.15,0.09
358,1,45,46,55.0,0.05,0.05,0.2,0.0,0.42,0.0,0.175,0.105
359,1,17,18,83.0,0.05,0.05,0.2,0.1,0.0,0.6,0.0,0.0
360,1,15,16,85.0,0.05,0.05,0.2,0.1,0.06,0.5,0.025,0.015
361,1,16,17,84.0,0.05,0.05,0.2,0.1,0.12,0.4,0.05,0.03
362,1,17,18,83.0,0.05,0.05,0.2,0.1,0.18,0.3,0.075,0.045
363,1,20,21,80.0,0.05,0.05,0.2,0.1,0.24,0.2,0.1,0.06
364,1,25,26,75.0,0.05,0.05,0.2,0.1,0.3,0.1,0.125,0.075
365,1,36,37,64.0,0.05,0.05,0.2,0.1,0.36,0.0,0.15,0.09
366,1,19,20,81.0,0.05,0.05,0.2,0.2,0.0,0.5,0.0,0.0
367,0,15,15,-15.0,0.05,0.05,0.2,0.2,0.06,0.4,0.025,0.015
368,0,18,18,-18.0,0.05,0.05,0.2,0.2,0.12,0.3,0.05,0.03
369,0,19,19,-19.0,0.05,0.05,0.2,0.2,0.18,0.2,0.075,0.045
370,0,23,23,-23.0,0.05,0.05,0.2,0.2,0.24,0.1,0.1,0.06
371,0,31,31,-31.0,0.05,0.05,0.2,0.2,0.3,0.0,0.125,0.075
372,0,20,20,-20.0,0.05,0.05,0.2,0.3,0.0,0.4,0.0,0.0
373,0,16,16,-16.0,0.05,0.05,0.2,0.3,0.06,0.3,0.025,0.015
374,0,17,17,-17.0,0.05,0.05,0.2,0.3,0.12,0.2,0.05,0.03
375,0,20,20,-20.0,0.05,0.05,0.2,0.3,0.18,0.1,0.075,0.045
376,0,30,30,-30.0,0.05,0.05,0.2,0.3,0.24,0.0,0.1,0.06
377,0,26,26,-26.0,0.05,0.05,0.2,0.4,0.0,0.3,0.0,0.0
378,0,18,18,-18.0,0.05,0.05,0.2,0.4,0.06,0.2,0.025,0.015
379,0,20,20,-20.0,0.05,0.05,0.2,0.4,0.12,0.1,0.05,0.03
380,0,29,29,-29.0,0.05,0.05,0.2,0.4,0.18,0.0,0.075,0.045
381,0,37,37,-37.0,0.05,0.05,0.2,0.5,0.0,0.2,0.0,0.0
382,0,37,37,-37.0,0.05,0.05,0.2,0.5,0.06,0.1,0.025,0.015
383,0,58,58,-58.0,0.05,0.05,0.2,0.5,0.12,0.0,0.05,0.03
384,0,100,100,-100.0,0.05,0.05,0.2,0.6,0.0,0.1,0.0,0.0
385,0,107,107,-107.0,0.05,0.05,0.2,0.6,0.06,0.0,0.025,0.015
386,0,181,181,-181.0,0.05,0.05,0.2,0.7,0.0,0.0,0.0,0.0
387,1,25,26,75.0,0.05,0.05,0.3,0.0,0.0,0.6,0.0,0.0
388,1,14,15,86.0,0.05,0.05,0.3,0.0,0.06,0.5,0.025,0.015
389,1,16,17,84.0,0.05,0.05,0.3,0.0,0.12,0.4,0.05,0.03
390,1,20,21,80.0,0.05,0.05,0.3,0.0,0.18,0.3,0.075,0.045
391,1,24,25,76.0,0.05,0.05,0.3,0.0,0.24,0.2,0.1,0.06
392,1,32,33,68.0,0.05,0.05,0.3,0.0,0.3,0.1,0.125,0.075
393,1,46,47,54.0,0.05,0.05,0.3,0.0,0.36,0.0,0.15,0.09
394,1,17,18,83.0,0.05,0.05,0.3,0.1,0.0,0.5,0.0,0.0
395,1,16,17,84.0,0.05,0.05,0.3,0.1,0.06,0.4,0.025,0.015
396,1,16,17,84.0,0.05,0.05,0.3,0.1,0.12,0.3,0.05,0.03
397,1,20,21,80.0,0.05,0.05,0.3,0.1,0.18,0.2,0.075,0.045
398,1,26,27,74.0,0.05,0.05,0.3,0.1,0.24,0.1,0.1,0.06
399,1,36,37,64.0,0.05,0.05,0.3,0.1,0.3,0.0,0.125,0.075
400,1,19,20,81.0,0.05,0.05,0.3,0.2,0.0,0.4,0.0,0.0
401,0,17,17,-17.0,0.05,0.05,0.3,0.2,0.06,0.3,0.025,0.015
402,0,19,19,-19.0,0.05,0.05,0.3,0.2,0.12,0.2,0.05,0.03
403,0,23,23,-23.0,0.05,0.05,0.3,0.2,0.18,0.1,0.075,0.045
404,0,31,31,-31.0,0.05,0.05,0.3,0.2,0.24,0.0,0.1,0.06
405,0,21,21,-21.0,0.05,0.05,0.3,0.3,0.0,0.3,0.0,0.0
406,0,17,17,-17.0,0.05,0.05,0.3,0.3,0.06,0.2,0.025,0.015
407,0,21,21,-21.0,0.05,0.05,0.3,0.3,0.12,0.1,0.05,0.03
408,0,32,32,-32.0,0.05,0.05,0.3,0.3,0.18,0.0,0.075,0.045
409,0,31,31,-31.0,0.05,0.05,0.3,0.4,0.0,0.2,0.0,0.0
410,0,28,28,-28.0,0.05,0.05,0.3,0.4,0.06,0.1,0.025,0.015
411,0,40,40,-40.0,0.05,0.05,0.3,0.4,0.12,0.0,0.05,0.03
412,0,83,83,-83.0,0.05,0.05,0.3,0.5,0.0,0.1,0.0,0.0
413,0,90,90,-90.0,0.05,0.05,0.3,0.5,0.06,0.0,0.025,0.015
414,0,176,176,-176.0,0.05,0.05,0.3,0.6,0.0,0.0,0.0,0.0
415,1,26,27,74.0,0.05,0.05,0.4,0.0,0.0,0.5,0.0,0.0
416,1,16,17,84.0,0.05,0.05,0.4,0.0,0.06,0.4,0.025,0.015
417,1,20,21,80.0,0.05,0.05,0.4,0.0,0.12,0.3,0.05,0.03
418,1,23,24,77.0,0.05,0.05,0.4,0.0,0.18,0.2,0.075,0.045
419,1,33,34,67.0,0.05,0.05,0.4,0.0,0.24,0.1,0.1,0.06
420,1,48,49,52.0,0.05,0.05,0.4,0.0,0.3,0.0,0.125,0.075
421,1,20,21,80.0,0.05,0.05,0.4,0.1,0.0,0.4,0.0,0.0
422,1,17,18,83.0,0.05,0.05,0.4,0.1,0.06,0.3,0.025,0.015
423,1,20,21,80.0,0.05,0.05,0.4,0.1,0.12,0.2,0.05,0.03
424,1,22,23,78.0,0.05,0.05,0.4,0.1,0.18,0.1,0.075,0.045
425,1,35,36,65.0,0.05,0.05,0.4,0.1,0.24,0.0,0.1,0.06
426,0,23,23,-23.0,0.05,0.05,0.4,0.2,0.0,0.3,0.0,0.0
427,0,19,19,-19.0,0.05,0.05,0.4,0.2,0.06,0.2,0.025,0.015
428,0,23,23,-23.0,0.05,0.05,0.4,0.2,0.12,0.1,0.05,0.03
429,0,35,35,-35.0,0.05,0.05,0.4,0.2,0.18,0.0,0.075,0.045
430,0,28,28,-28.0,0.05,0.05,0.4,0.3,0.0,0.2,0.0,0.0
431,0,22,22,-22.0,0.05,0.05,0.4,0.3,0.06,0.1,0.025,0.015
432,0,35,35,-35.0,0.05,0.05,0.4,0.3,0.12,0.0,0.05,0.03
433,0,59,59,-59.0,0.05,0.05,0.4,0.4,0.0,0.1,0.0,0.0
434,0,81,81,-81.0,0.05,0.05,0.4,0.4,0.06,0.0,0.025,0.015
435,0,174,174,-174.0,0.05,0.05,0.4,0.5,0.0,0.0,0.0,0.0
436,1,28,29,72.0,0.05,0.05,0.5,0.0,0.0,0.4,0.0,0.0
437,1,19,20,81.0,0.05,0.05,0.5,0.0,0.06,0.3,0.025,0.015
438,1,23,24,77.0,0.05,0.05,0.5,0.0,0.12,0.2,0.05,0.03
439,1,31,32,69.0,0.05,0.05,0.5,0.0,0.18,0.1,0.075,0.045
440,1,52,53,48.0,0.05,0.05,0.5,0.0,0.24,0.0,0.1,0.06
441,1,23,24,77.0,0.05,0.05,0.5,0.1,0.0,0.3,0.0,0.0
442,1,22,23,78.0,0.05,0.05,0.5,0.1,0.06,0.2,0.025,0.015
443,1,25,26,75.0,0.05,0.05,0.5,0.1,0.12,0.1,0.05,0.03
444,1,36,37,64.0,0.05,0.05,0.5,0.1,0.18,0.0,0.075,0.045
445,0,26,26,-26.0,0.05,0.05,0.5,0.2,0.0,0.2,0.0,0.0
446,0,24,24,-24.0,0.05,0.05,0.5,0.2,0.06,0.1,0.025,0.015
447,0,37,37,-37.0,0.05,0.05,0.5,0.2,0.12,0.0,0.05,0.03
448,0,45,45,-45.0,0.05,0.05,0.5,0.3,0.0,0.1,0.0,0.0
449,0,61,61,-61.0,0.05,0.05,0.5,0.3,0.06,0.0,0.025,0.015
450,0,166,166,-166.0,0.05,0.05,0.5,0.4,0.0,0.0,0.0,0.0
451,1,23,24,77.0,0.1,0.1,0.0,0.0,0.0,0.8,0.0,0.0
452,1,17,18,83.0,0.1,0.1,0.0,0.0,0.06,0.7,0.025,0.015
453,1,16,17,84.0,0.1,0.1,0.0,0.0,0.12,0.6,0.05,0.03
454,1,18,19,82.0,0.1,0.1,0.0,0.0,0.18,0.5,0.075,0.045
455,1,21,22,79.0,0.1,0.1,0.0,0.0,0.24,0.4,0.1,0.06
456,1,24,25,76.0,0.1,0.1,0.0,0.0,0.3,0.3,0.125,0.075
457,1,28,29,72.0,0.1,0.1,0.0,0.0,0.36,0.2,0.15,0.09
458,1,41,42,59.0,0.1,0.1,0.0,0.0,0.42,0.1,0.175,0.105
459,1,54,55,46.0,0.1,0.1,0.0,0.0,0.48,0.0,0.2,0.12
460,1,17,18,83.0,0.1,0.1,0.0,0.1,0.0,0.7,0.0,0.0
461,1,16,17,84.0,0.1,0.1,0.0,0.1,0.06,0.6,0.025,0.015
462,1,15,16,85.0,0.1,0.1,0.0,0.1,0.12,0.5,0.05,0.03
463,1,19,20,81.0,0.1,0.1,0.0,0.1,0.18,0.4,0.075,0.045
464,1,20,21,80.0,0.1,0.1,0.0,0.1,0.24,0.3,0.1,0.06
465,1,22,23,78.0,0.1,0.1,0.0,0.1,0.3,0.2,0.125,0.075
466,1,30,31,70.0,0.1,0.1,0.0,0.1,0.36,0.1,0.15,0.09
467,1,37,38,63.0,0.1,0.1,0.0,0.1,0.42,0.0,0.175,0.105
468,0,18,18,-18.0,0.1,0.1,0.0,0.2,0.0,0.6,0.0,0.0
469,0,16,16,-16.0,0.1,0.1,0.0,0.2,0.06,0.5,0.025,0.015
470,0,17,17,-17.0,0.1,0.1,0.0,0.2,0.12,0.4,0.05,0.03
471,0,19,19,-19.0,0.1,0.1,0.0,0.2,0.18,0.3,0.075,0.045
472,0,21,21,-21.0,0.1,0.1,0.0,0.2,0.24,0.2,0.1,0.06
473,0,25,25,-25.0,0.1,0.1,0.0,0.2,0.3,0.1,0.125,0.075
474,0,32,32,-32.0,0.1,0.1,0.0,0.2,0.36,0.0,0.15,0.09
475,0,19,19,-19.0,0.1,0.1,0.0,0.3,0.0,0.5,0.0,0.0
476,0,17,17,-17.0,0.1,0.1,0.0,0.3,0.06,0.4,0.025,0.015
477,0,16,16,-16.0,0.1,0.1,0.0,0.3,0.12,0.3,0.05,0.03
478,0,18,18,-18.0,0.1,0.1,0.0,0.3,0.18,0.2,0.075,0.045
479,0,25,25,-25.0,0.1,0.1,0.0,0.3,0.24,0.1,0.1,0.06
480,0,31,31,-31.0,0.1,0.1,0.0,0.3,0.3,0.0,0.125,0.075
481,0,20,20,-20.0,0.1,0.1,0.0,0.4,0.0,0.4,0.0,0.0
482,0,17,17,-17.0,0.1,0.1,0.0,0.4,0.06,0.3,0.025,0.015
483,0,17,17,-17.0,0.1,0.1,0.0,0.4,0.12,0.2,0.05,0.03
484,0,21,21,-21.0,0.1,0.1,0.0,0.4,0.18,0.1,0.075,0.045
485,0,29,29,-29.0,0.1,0.1,0.0,0.4,0.24,0.0,0.1,0.06
486,0,23,23,-23.0,0.1,0.1,0.0,0.5,0.0,0.3,0.0,0.0
487,0,19,19,-19.0,0.1,0.1,0.0,0.5,0.06,0.2,0.025,0.015
488,0,25,25,-25.0,0.1,0.1,0.0,0.5,0.12,0.1,0.05,0.03
489,0,40,40,-40.0,0.1,0.1,0.0,0.5,0.18,0.0,0.075,0.045
490,0,42,42,-42.0,0.1,0.1,0.0,0.6,0.0,0.2,0.0,0.0
491,0,48,48,-48.0,0.1,0.1,0.0,0.6,0.06,0.1,0.025,0.015
492,0,67,67,-67.0,0.1,0.1,0.0,0.6,0.12,0.0,0.05,0.03
493,0,95,95,-95.0,0.1,0.1,0.0,0.7,0.0,0.1,0.0,0.0
494,0,102,102,-102.0,0.1,0.1,0.0,0.7,0.06,0.0,0.025,0.015
495,0,201,201,-201.0,0.1,0.1,0.0,0.8,0.0,0.0,0.0,0.0
496,1,23,24,77.0,0.1,0.1,0.1,0.0,0.0,0.7,0.0,0.0
497,1,17,18,83.0,0.1,0.1,0.1,0.0,0.06,0.6,0.025,0.015
498,1,17,18,83.0,0.1,0.1,0.1,0.0,0.12,0.5,0.05,0.03
499,1,19,20,81.0,0.1,0.1,0.1,0.0,0.18,0.4,0.075,0.045
500,1,23,24,77.0,0.1,0.1,0.1,0.0,0.24,0.3,0.1,0.06
501,1,28,29,72.0,0.1,0.1,0.1,0.0,0.3,0.2,0.125,0.075
502,1,38,39,62.0,0.1,0.1,0.1,0.0,0.36,0.1,0.15,0.09
503,1,50,51,50.0,0.1,0.1,0.1,0.0,0.42,0.0,0.175,0.105
504,1,19,20,81.0,0.1,0.1,0.1,0.1,0.0,0.6,0.0,0.0
505,1,16,17,84.0,0.1,0.1,0.1,0.1,0.06,0.5,0.025,0.015
506,1,17,18,83.0,0.1,0.1,0.1,0.1,0.12,0.4,0.05,0.03
507,1,20,21,80.0,0.1,0.1,0.1,0.1,0.18,0.3,0.075,0.045
508,1,21,22,79.0,0.1,0.1,0.1,0.1,0.24,0.2,0.1,0.06
509,1,27,28,73.0,0.1,0.1,0.1,0.1,0.3,0.1,0.125,0.075
510,1,39,40,61.0,0.1,0.1,0.1,0.1,0.36,0.0,0.15,0.09
511,0,18,18,-18.0,0.1,0.1,0.1,0.2,0.0,0.5,0.0,0.0
512,0,17,17,-17.0,0.1,0.1,0.1,0.2,0.06,0.4,0.025,0.015
513,0,18,18,-18.0,0.1,0.1,0.1,0.2,0.12,0.3,0.05,0.03
514,0,20,20,-20.0,0.1,0.1,0.1,0.2,0.18,0.2,0.075,0.045
515,0,25,25,-25.0,0.1,0.1,0.1,0.2,0.24,0.1,0.1,0.06
516,0,33,33,-33.0,0.1,0.1,0.1,0.2,0.3,0.0,0.125,0.075
517,0,20,20,-20.0,0.1,0.1,0.1,0.3,0.0,0.4,0.0,0.0
518,0,17,17,-17.0,0.1,0.1,0.1,0.3,0.06,0.3,0.025,0.015
519,0,17,17,-17.0,0.1,0.1,0.1,0.3,0.12,0.2,0.05,0.03
520,0,23,23,-23.0,0.1,0.1,0.1,0.3,0.18,0.1,0.075,0.045
521,0,32,32,-32.0,0.1,0.1,0.1,0.3,0.24,0.0,0.1,0.06
522,0,22,22,-22.0,0.1,0.1,0.1,0.4,0.0,0.3,0.0,0.0
523,0,18,18,-18.0,0.1,0.1,0.1,0.4,0.06,0.2,0.025,0.015
524,0,23,23,-23.0,0.1,0.1,0.1,0.4,0.12,0.1,0.05,0.03
525,0,31,31,-31.0,0.1,0.1,0.1,0.4,0.18,0.0,0.075,0.045
526,0,29,29,-29.0,0.1,0.1,0.1,0.5,0.0,0.2,0.0,0.0
527,0,36,36,-36.0,0.1,0.1,0.1,0.5,0.06,0.1,0.025,0.015
528,0,62,62,-62.0,0.1,0.1,0.1,0.5,0.12,0.0,0.05,0.03
529,0,78,78,-78.0,0.1,0.1,0.1,0.6,0.0,0.1,0.0,0.0
530,0,95,95,-95.0,0.1,0.1,0.1,0.6,0.06,0.0,0.025,0.015
531,0,167,167,-167.0,0.1,0.1,0.1,0.7,0.0,0.0,0.0,0.0
532,1,22,23,78.0,0.1,0.1,0.2,0.0,0.0,0.6,0.0,0.0
533,1,16,17,84.0,0.1,0.1,0.2,0.0,0.06,0.5,0.025,0.015
534,1,20,21,80.0,0.1,0.1,0.2,0.0,0.12,0.4,0.05,0.03
535,1,21,22,79.0,0.1,0.1,0.2,0.0,0.18,0.3,0.075,0.045
536,1,28,29,72.0,0.1,0.1,0.2,0.0,0.24,0.2,0.1,0.06
537,1,38,39,62.0,0.1,0.1,0.2,0.0,0.3,0.1,0.125,0.075
538,1,52,53,48.0,0.1,0.1,0.2,0.0,0.36,0.0,0.15,0.09
539,1,19,20,81.0,0.1,0.1,0.2,0.1,0.0,0.5,0.0,0.0
540,1,18,19,82.0,0.1,0.1,0.2,0.1,0.06,0.4,0.025,0.015
541,1,20,21,80.0,0.1,0.1,0.2,0.1,0.12,0.3,0.05,0.03
542,1,22,23,78.0,0.1,0.1,0.2,0.1,0.18,0.2,0.075,0.045
543,1,27,28,73.0,0.1,0.1,0.2,0.1,0.24,0.1,0.1,0.06
544,1,39,40,61.0,0.1,0.1,0.2,0.1,0.3,0.0,0.125,0.075
545,0,20,20,-20.0,0.1,0.1,0.2,0.2,0.0,0.4,0.0,0.0
546,0,19,19,-19.0,0.1,0.1,0.2,0.2,0.06,0.3,0.025,0.015
547,0,19,19,-19.0,0.1,0.1,0.2,0.2,0.12,0.2,0.05,0.03
548,0,26,26,-26.0,0.1,0.1,0.2,0.2,0.18,0.1,0.075,0.045
549,0,32,32,-32.0,0.1,0.1,0.2,0.2,0.24,0.0,0.1,0.06
550,0,19,19,-19.0,0.1,0.1,0.2,0.3,0.0,0.3,0.0,0.0
551,0,17,17,-17.0,0.1,0.1,0.2,0.3,0.06,0.2,0.025,0.015
552,0,23,23,-23.0,0.1,0.1,0.2,0.3,0.12,0.1,0.05,0.03
553,0,33,33,-33.0,0.1,0.1,0.2,0.3,0.18,0.0,0.075,0.045
554,0,29,29,-29.0,0.1,0.1,0.2,0.4,0.0,0.2,0.0,0.0
555,0,30,30,-30.0,0.1,0.1,0.2,0.4,0.06,0.1,0.025,0.015
556,0,41,41,-41.0,0.1,0.1,0.2,0.4,0.12,0.0,0.05,0.03
557,0,66,66,-66.0,0.1,0.1,0.2,0.5,0.0,0.1,0.0,0.0
558,0,88,88,-88.0,0.1,0.1,0.2,0.5,0.06,0.0,0.025,0.015
559,0,145,145,-145.0,0.1,0.1,0.2,0.6,0.0,0.0,0.0,0.0
560,1,21,22,79.0,0.1,0.1,0.3,0.0,0.0,0.5,0.0,0.0
561,1,19,20,81.0,0.1,0.1,0.3,0.0,0.06,0.4,0.025,0.015
562,1,21,22,79.0,0.1,0.1,0.3,0.0,0.12,0.3,0.05,0.03
563,1,27,28,73.0,0.1,0.1,0.3,0.0,0.18,0.2,0.075,0.045
564,1,37,38,63.0,0.1,0.1,0.3,0.0,0.24,0.1,0.1,0.06
565,1,51,52,49.0,0.1,0.1,0.3,0.0,0.3,0.0,0.125,0.075
566,1,20,21,80.0,0.1,0.1,0.3,0.1,0.0,0.4,0.0,0.0
567,1,18,19,82.0,0.1,0.1,0.3,0.1,0.06,0.3,0.025,0.015
568,1,21,22,79.0,0.1,0.1,0.3,0.1,0.12,0.2,0.05,0.03
569,1,27,28,73.0,0.1,0.1,0.3,0.1,0.18,0.1,0.075,0.045
570,1,38,39,62.0,0.1,0.1,0.3,0.1,0.24,0.0,0.1,0.06
571,0,20,20,-20.0,0.1,0.1,0.3,0.2,0.0,0.3,0.0,0.0
572,0,19,19,-19.0,0.1,0.1,0.3,0.2,0.06,0.2,0.025,0.015
573,0,26,26,-26.0,0.1,0.1,0.3,0.2,0.12,0.1,0.05,0.03
574,0,37,37,-37.0,0.1,0.1,0.3,0.2,0.18,0.0,0.075,0.045
575,0,25,25,-25.0,0.1,0.1,0.3,0.3,0.0,0.2,0.0,0.0
576,0,24,24,-24.0,0.1,0.1,0.3,0.3,0.06,0.1,0.025,0.015
577,0,39,39,-39.0,0.1,0.1,0.3,0.3,0.12,0.0,0.05,0.03
578,0,48,48,-48.0,0.1,0.1,0.3,0.4,0.0,0.1,0.0,0.0
579,0,69,69,-69.0,0.1,0.1,0.3,0.4,0.06,0.0,0.025,0.015
580,0,144,144,-144.0,0.1,0.1,0.3,0.5,0.0,0.0,0.0,0.0
581,1,25,26,75.0,0.1,0.1,0.4,0.0,0.0,0.4,0.0,0.0
582,1,22,23,78.0,0.1,0.1,0.4,0.0,0.06,0.3,0.025,0.015
583,1,27,28,73.0,0.1,0.1,0.4,0.0,0.12,0.2,0.05,0.03
584,1,38,39,62.0,0.1,0.1,0.4,0.0,0.18,0.1,0.075,0.045
585,1,54,55,46.0,0.1,0.1,0.4,0.0,0.24,0.0,0.1,0.06
586,1,23,24,77.0,0.1,0.1,0.4,0.1,0.0,0.3,0.0,0.0
587,1,23,24,77.0,0.1,0.1,0.4,0.1,0.06,0.2,0.025,0.015
588,1,28,29,72.0,0.1,0.1,0.4,0.1,0.12,0.1,0.05,0.03
589,1,41,42,59.0,0.1,0.1,0.4,0.1,0.18,0.0,0.075,0.045
590,0,24,24,-24.0,0.1,0.1,0.4,0.2,0.0,0.2,0.0,0.0
591,0,25,25,-25.0,0.1,0.1,0.4,0.2,0.06,0.1,0.025,0.015
592,0,41,41,-41.0,0.1,0.1,0.4,0.2,0.12,0.0,0.05,0.03
593,0,41,41,-41.0,0.1,0.1,0.4,0.3,0.0,0.1,0.0,0.0
594,0,59,59,-59.0,0.1,0.1,0.4,0.3,0.06,0.0,0.025,0.015
595,0,131,131,-131.0,0.1,0.1,0.4,0.4,0.0,0.0,0.0,0.0
596,1,28,29,72.0,0.1,0.1,0.5,0.0,0.0,0.3,0.0,0.0
597,1,27,28,73.0,0.1,0.1,0.5,0.0,0.06,0.2,0.025,0.015
598,1,38,39,62.0,0.1,0.1,0.5,0.0,0.12,0.1,0.05,0.03
599,1,58,59,42.0,0.1,0.1,0.5,0.0,0.18,0.0,0.075,0.045
600,1,27,28,73.0,0.1,0.1,0.5,0.1,0.0,0.2,0.0,0.0
601,1,27,28,73.0,0.1,0.1,0.5,0.1,0.06,0.1,0.025,0.015
602,1,44,45,56.0,0.1,0.1,0.5,0.1,0.12,0.0,0.05,0.03
603,0,37,37,-37.0,0.1,0.1,0.5,0.2,0.0,0.1,0.0,0.0
604,0,45,45,-45.0,0.1,0.1,0.5,0.2,0.06,0.0,0.025,0.015
605,0,117,117,-117.0,0.1,0.1,0.5,0.3,0.0,0.0,0.0,0.0
606,1,21,22,79.0,0.15,0.15,0.0,0.0,0.0,0.7,0.0,0.0
607,1,18,19,82.0,0.15,0.15,0.0,0.0,0.06,0.6,0.025,0.015
608,1,19,20,81.0,0.15,0.15,0.0,0.0,0.12,0.5,0.05,0.03
609,1,22,23,78.0,0.15,0.15,0.0,0.0,0.18,0.4,0.075,0.045
610,1,24,25,76.0,0.15,0.15,0.0,0.0,0.24,0.3,0.1,0.06
611,1,32,33,68.0,0.15,0.15,0.0,0.0,0.3,0.2,0.125,0.075
612,1,43,44,57.0,0.15,0.15,0.0,0.0,0.36,0.1,0.15,0.09
613,1,56,57,44.0,0.15,0.15,0.0,0.0,0.42,0.0,0.175,0.105
614,1,19,20,81.0,0.15,0.15,0.0,0.1,0.0,0.6,0.0,0.0
615,1,17,18,83.0,0.15,0.15,0.0,0.1,0.06,0.5,0.025,0.015
616,1,20,21,80.0,0.15,0.15,0.0,0.1,0.12,0.4,0.05,0.03
617,1,20,21,80.0,0.15,0.15,0.0,0.1,0.18,0.3,0.075,0.045
618,1,23,24,77.0,0.15,0.15,0.0,0.1,0.24,0.2,0.1,0.06
619,1,30,31,70.0,0.15,0.15,0.0,0.1,0.3,0.1,0.125,0.075
620,1,40,41,60.0,0.15,0.15,0.0,0.1,0.36,0.0,0.15,0.09
621,0,20,20,-20.0,0.15,0.15,0.0,0.2,0.0,0.5,0.0,0.0
622,0,18,18,-18.0,0.15,0.15,0.0,0.2,0.06,0.4,0.025,0.015
623,0,19,19,-19.0,0.15,0.15,0.0,0.2,0.12,0.3,0.05,0.03
624,0,20,20,-20.0,0.15,0.15,0.0,0.2,0.18,0.2,0.075,0.045
625,0,28,28,-28.0,0.15,0.15,0.0,0.2,0.24,0.1,0.1,0.06
626,0,34,34,-34.0,0.15,0.15,0.0,0.2,0.3,0.0,0.125,0.075
627,0,19,19,-19.0,0.15,0.15,0.0,0.3,0.0,0.4,0.0,0.0
628,0,17,17,-17.0,0.15,0.15,0.0,0.3,0.06,0.3,0.025,0.015
629,0,18,18,-18.0,0.15,0.15,0.0,0.3,0.12,0.2,0.05,0.03
630,0,26,26,-26.0,0.15,0.15,0.0,0.3,0.18,0.1,0.075,0.045
631,0,35,35,-35.0,0.15,0.15,0.0,0.3,0.24,0.0,0.1,0.06
632,0,21,21,-21.0,0.15,0.15,0.0,0.4,0.0,0.3,0.0,0.0
633,0,21,21,-21.0,0.15,0.15,0.0,0.4,0.06,0.2,0.025,0.015
634,0,25,25,-25.0,0.15,0.15,0.0,0.4,0.12,0.1,0.05,0.03
635,0,40,40,-40.0,0.15,0.15,0.0,0.4,0.18,0.0,0.075,0.045
636,0,36,36,-36.0,0.15,0.15,0.0,0.5,0.0,0.2,0.0,0.0
637,0,46,46,-46.0,0.15,0.15,0.0,0.5,0.06,0.1,0.025,0.015
638,0,58,58,-58.0,0.15,0.15,0.0,0.5,0.12,0.0,0.05,0.03
639,0,68,68,-68.0,0.15,0.15,0.0,0.6,0.0,0.1,0.0,0.0
640,0,93,93,-93.0,0.15,0.15,0.0,0.6,0.06,0.0,0.025,0.015
641,0,146,146,-146.0,0.15,0.15,0.0,0.7,0.0,0.0,0.0,0.0
642,1,22,23,78.0,0.15,0.15,0.1,0.0,0.0,0.6,0.0,0.0
643,1,19,20,81.0,0.15,0.15,0.1,0.0,0.06,0.5,0.025,0.015
644,1,20,21,80.0,0.15,0.15,0.1,0.0,0.12,0.4,0.05,0.03
645,1,25,26,75.0,0.15,0.15,0.1,0.0,0.18,0.3,0.075,0.045
646,1,29,30,71.0,0.15,0.15,0.1,0.0,0.24,0.2,0.1,0.06
647,1,43,44,57.0,0.15,0.15,0.1,0.0,0.3,0.1,0.125,0.075
648,1,52,53,48.0,0.15,0.15,0.1,0.0,0.36,0.0,0.15,0.09
649,1,19,20,81.0,0.15,0.15,0.1,0.1,0.0,0.5,0.0,0.0
650,1,19,20,81.0,0.15,0.15,0.1,0.1,0.06,0.4,0.025,0.015
651,1,20,21,80.0,0.15,0.15,0.1,0.1,0.12,0.3,0.05,0.03
652,1,23,24,77.0,0.15,0.15,0.1,0.1,0.18,0.2,0.075,0.045
653,1,29,30,71.0,0.15,0.15,0.1,0.1,0.24,0.1,0.1,0.06
654,1,40,41,60.0,0.15,0.15,0.1,0.1,0.3,0.0,0.125,0.075
655,0,19,19,-19.0,0.15,0.15,0.1,0.2,0.0,0.4,0.0,0.0
656,0,19,19,-19.0,0.15,0.15,0.1,0.2,0.06,0.3,0.025,0.015
657,0,21,21,-21.0,0.15,0.15,0.1,0.2,0.12,0.2,0.05,0.03
658,0,28,28,-28.0,0.15,0.15,0.1,0.2,0.18,0.1,0.075,0.045
659,0,37,37,-37.0,0.15,0.15,0.1,0.2,0.24,0.0,0.1,0.06
660,0,18,18,-18.0,0.15,0.15,0.1,0.3,0.0,0.3,0.0,0.0
661,0,19,19,-19.0,0.15,0.15,0.1,0.3,0.06,0.2,0.025,0.015
662,0,25,25,-25.0,0.15,0.15,0.1,0.3,0.12,0.1,0.05,0.03
663,0,36,36,-36.0,0.15,0.15,0.1,0.3,0.18,0.0,0.075,0.045
664,0,28,28,-28.0,0.15,0.15,0.1,0.4,0.0,0.2,0.0,0.0
665,0,37,37,-37.0,0.15,0.15,0.1,0.4,0.06,0.1,0.025,0.015
666,0,52,52,-52.0,0.15,0.15,0.1,0.4,0.12,0.0,0.05,0.03
667,0,64,64,-64.0,0.15,0.15,0.1,0.5,0.0,0.1,0.0,0.0
668,0,83,83,-83.0,0.15,0.15,0.1,0.5,0.06,0.0,0.025,0.015
669,0,136,136,-136.0,0.15,0.15,0.1,0.6,0.0,0.0,0.0,0.0
670,1,23,24,77.0,0.15,0.15,0.2,0.0,0.0,0.5,0.0,0.0
671,1,22,23,78.0,0.15,0.15,0.2,0.0,0.06,0.4,0.025,0.015
672,1,25,26,75.0,0.15,0.15,0.2,0.0,0.12,0.3,0.05,0.03
673,1,30,31,70.0,0.15,0.15,0.2,0.0,0.18,0.2,0.075,0.045
674,1,43,44,57.0,0.15,0.15,0.2,0.0,0.24,0.1,0.1,0.06
675,1,54,55,46.0,0.15,0.15,0.2,0.0,0.3,0.0,0.125,0.075
676,1,22,23,78.0,0.15,0.15,0.2,0.1,0.0,0.4,0.0,0.0
677,1,21,22,79.0,0.15,0.15,0.2,0.1,0.06,0.3,0.025,0.015
678,1,22,23,78.0,0.15,0.15,0.2,0.1,0.12,0.2,0.05,0.03
679,1,30,31,70.0,0.15,0.15,0.2,0.1,0.18,0.1,0.075,0.045
680,1,44,45,56.0,0.15,0.15,0.2,0.1,0.24,0.0,0.1,0.06
681,0,20,20,-20.0,0.15,0.15,0.2,0.2,0.0,0.3,0.0,0.0
682,0,21,21,-21.0,0.15,0.15,0.2,0.2,0.06,0.2,0.025,0.015
683,0,28,28,-28.0,0.15,0.15,0.2,0.2,0.12,0.1,0.05,0.03
684,0,40,40,-40.0,0.15,0.15,0.2,0.2,0.18,0.0,0.075,0.045
685,0,26,26,-26.0,0.15,0.15,0.2,0.3,0.0,0.2,0.0,0.0
686,0,33,33,-33.0,0.15,0.15,0.2,0.3,0.06,0.1,0.025,0.015
687,0,43,43,-43.0,0.15,0.15,0.2,0.3,0.12,0.0,0.05,0.03
688,0,54,54,-54.0,0.15,0.15,0.2,0.4,0.0,0.1,0.0,0.0
689,0,78,78,-78.0,0.15,0.15,0.2,0.4,0.06,0.0,0.025,0.015
690,0,130,130,-130.0,0.15,0.15,0.2,0.5,0.0,0.0,0.0,0.0
691,1,24,25,76.0,0.15,0.15,0.3,0.0,0.0,0.4,0.0,0.0
692,1,26,27,74.0,0.15,0.15,0.3,0.0,0.06,0.3,0.025,0.015
693,1,29,30,71.0,0.15,0.15,0.3,0.0,0.12,0.2,0.05,0.03
694,1,43,44,57.0,0.15,0.15,0.3,0.0,0.18,0.1,0.075,0.045
695,1,58,59,42.0,0.15,0.15,0.3,0.0,0.24,0.0,0.1,0.06
696,1,24,25,76.0,0.15,0.15,0.3,0.1,0.0,0.3,0.0,0.0
697,1,25,26,75.0,0.15,0.15,0.3,0.1,0.06,0.2,0.025,0.015
698,1,33,34,67.0,0.15,0.15,0.3,0.1,0.12,0.1,0.05,0.03
699,1,49,50,51.0,0.15,0.15,0.3,0.1,0.18,0.0,0.075,0.045
700,0,26,26,-26.0,0.15,0.15,0.3,0.2,0.0,0.2,0.0,0.0
701,0,35,35,-35.0,0.15,0.15,0.3,0.2,0.06,0.1,0.025,0.015
702,0,44,44,-44.0,0.15,0.15,0.3,0.2,0.12,0.0,0.05,0.03
703,0,44,44,-44.0,0.15,0.15,0.3,0.3,0.0,0.1,0.0,0.0
704,0,62,62,-62.0,0.15,0.15,0.3,0.3,0.06,0.0,0.025,0.015
705,0,125,125,-125.0,0.15,0.15,0.3,0.4,0.0,0.0,0.0,0.0
706,1,33,34,67.0,0.15,0.15,0.4,0.0,0.0,0.3,0.0,0.0
707,1,31,32,69.0,0.15,0.15,0.4,0.0,0.06,0.2,0.025,0.015
708,1,45,46,55.0,0.15,0.15,0.4,0.0,0.12,0.1,0.05,0.03
709,1,65,66,35.0,0.15,0.15,0.4,0.0,0.18,0.0,0.075,0.045
710,1,30,31,70.0,0.15,0.15,0.4,0.1,0.0,0.2,0.0,0.0
711,1,40,41,60.0,0.15,0.15,0.4,0.1,0.06,0.1,0.025,0.015
712,1,49,50,51.0,0.15,0.15,0.4,0.1,0.12,0.0,0.05,0.03
713,0,40,40,-40.0,0.15,0.15,0.4,0.2,0.0,0.1,0.0,0.0
714,0,56,56,-56.0,0.15,0.15,0.4,0.2,0.06,0.0,0.025,0.015
715,0,114,114,-114.0,0.15,0.15,0.4,0.3,0.0,0.0,0.0,0.0
716,1,41,42,59.0,0.15,0.15,0.5,0.0,0.0,0.2,0.0,0.0
717,1,50,51,50.0,0.15,0.15,0.5,0.0,0.06,0.1,0.025,0.015
718,1,72,73,28.0,0.15,0.15,0.5,0.0,0.12,0.0,0.05,0.03
719,1,46,47,54.0,0.15,0.15,0.5,0.1,0.0,0.1,0.0,0.0
720,1,69,70,31.0,0.15,0.15,0.5,0.1,0.06,0.0,0.025,0.015
721,0,111,111,-111.0,0.15,0.15,0.5,0.2,0.0,0.0,0.0,0.0
722,1,23,24,77.0,0.2,0.2,0.0,0.0,0.0,0.6,0.0,0.0
723,1,21,22,79.0,0.2,0.2,0.0,0.0,0.06,0.5,0.025,0.015
724,1,24,25,76.0,0.2,0.2,0.0,0.0,0.12,0.4,0.05,0.03
725,1,27,28,73.0,0.2,0.2,0.0,0.0,0.18,0.3,0.075,0.045
726,1,35,36,65.0,0.2,0.2,0.0,0.0,0.24,0.2,0.1,0.06
727,1,46,47,54.0,0.2,0.2,0.0,0.0,0.3,0.1,0.125,0.075
728,1,57,58,43.0,0.2,0.2,0.0,0.0,0.36,0.0,0.15,0.09
729,1,21,22,79.0,0.2,0.2,0.0,0.1,0.0,0.5,0.0,0.0
730,1,21,22,79.0,0.2,0.2,0.0,0.1,0.06,0.4,0.025,0.015
731,1,21,22,79.0,0.2,0.2,0.0,0.1,0.12,0.3,0.05,0.03
732,1,25,26,75.0,0.2,0.2,0.0,0.1,0.18,0.2,0.075,0.045
733,1,33,34,67.0,0.2,0.2,0.0,0.1,0.24,0.1,0.1,0.06
734,1,47,48,53.0,0.2,0.2,0.0,0.1,0.3,0.0,0.125,0.075
735,0,20,20,-20.0,0.2,0.2,0.0,0.2,0.0,0.4,0.0,0.0
736,0,20,20,-20.0,0.2,0.2,0.0,0.2,0.06,0.3,0.025,0.015
737,0,22,22,-22.0,0.2,0.2,0.0,0.2,0.12,0.2,0.05,0.03
738,0,28,28,-28.0,0.2,0.2,0.0,0.2,0.18,0.1,0.075,0.045
739,0,39,39,-39.0,0.2,0.2,0.0,0.2,0.24,0.0,0.1,0.06
740,0,19,19,-19.0,0.2,0.2,0.0,0.3,0.0,0.3,0.0,0.0
741,0,21,21,-21.0,0.2,0.2,0.0,0.3,0.06,0.2,0.025,0.015
742,0,29,29,-29.0,0.2,0.2,0.0,0.3,0.12,0.1,0.05,0.03
743,0,44,44,-44.0,0.2,0.2,0.0,0.3,0.18,0.0,0.075,0.045
744,0,34,34,-34.0,0.2,0.2,0.0,0.4,0.0,0.2,0.0,0.0
745,0,44,44,-44.0,0.2,0.2,0.0,0.4,0.06,0.1,0.025,0.015
746,0,54,54,-54.0,0.2,0.2,0.0,0.4,0.12,0.0,0.05,0.03
747,0,72,72,-72.0,0.2,0.2,0.0,0.5,0.0,0.1,0.0,0.0
748,0,87,87,-87.0,0.2,0.2,0.0,0.5,0.06,0.0,0.025,0.015
749,0,125,125,-125.0,0.2,0.2,0.0,0.6,0.0,0.0,0.0,0.0
750,1,23,24,77.0,0.2,0.2,0.1,0.0,0.0,0.5,0.0,0.0
751,1,26,27,74.0,0.2,0.2,0.1,0.0,0.06,0.4,0.025,0.015
752,1,27,28,73.0,0.2,0.2,0.1,0.0,0.12,0.3,0.05,0.03
753,1,33,34,67.0,0.2,0.2,0.1,0.0,0.18,0.2,0.075,0.045
754,1,46,47,54.0,0.2,0.2,0.1,0.0,0.24,0.1,0.1,0.06
755,1,56,57,44.0,0.2,0.2,0.1,0.0,0.3,0.0,0.125,0.075
756,1,22,23,78.0,0.2,0.2,0.1,0.1,0.0,0.4,0.0,0.0
757,1,22,23,78.0,0.2,0.2,0.1,0.1,0.06,0.3,0.025,0.015
758,1,25,26,75.0,0.2,0.2,0.1,0.1,0.12,0.2,0.05,0.03
759,1,34,35,66.0,0.2,0.2,0.1,0.1,0.18,0.1,0.075,0.045
760,1,49,50,51.0,0.2,0.2,0.1,0.1,0.24,0.0,0.1,0.06
761,0,23,23,-23.0,0.2,0.2,0.1,0.2,0.0,0.3,0.0,0.0
762,0,25,25,-25.0,0.2,0.2,0.1,0.2,0.06,0.2,0.025,0.015
763,0,32,32,-32.0,0.2,0.2,0.1,0.2,0.12,0.1,0.05,0.03
764,0,45,45,-45.0,0.2,0.2,0.1,0.2,0.18,0.0,0.075,0.045
765,0,28,28,-28.0,0.2,0.2,0.1,0.3,0.0,0.2,0.0,0.0
766,0,37,37,-37.0,0.2,0.2,0.1,0.3,0.06,0.1,0.025,0.015
767,0,49,49,-49.0,0.2,0.2,0.1,0.3,0.12,0.0,0.05,0.03
768,0,67,67,-67.0,0.2,0.2,0.1,0.4,0.0,0.1,0.0,0.0
769,0,84,84,-84.0,0.2,0.2,0.1,0.4,0.06,0.0,0.025,0.015
770,0,127,127,-127.0,0.2,0.2,0.1,0.5,0.0,0.0,0.0,0.0
771,1,30,31,70.0,0.2,0.2,0.2,0.0,0.0,0.4,0.0,0.0
772,1,28,29,72.0,0.2,0.2,0.2,0.0,0.06,0.3,0.025,0.015
773,1,34,35,66.0,0.2,0.2,0.2,0.0,0.12,0.2,0.05,0.03
774,1,47,48,53.0,0.2,0.2,0.2,0.0,0.18,0.1,0.075,0.045
775,1,63,64,37.0,0.2,0.2,0.2,0.0,0.24,0.0,0.1,0.06
776,1,26,27,74.0,0.2,0.2,0.2,0.1,0.0,0.3,0.0,0.0
777,1,31,32,69.0,0.2,0.2,0.2,0.1,0.06,0.2,0.025,0.015
778,1,37,38,63.0,0.2,0.2,0.2,0.1,0.12,0.1,0.05,0.03
779,1,52,53,48.0,0.2,0.2,0.2,0.1,0.18,0.0,0.075,0.045
780,0,29,29,-29.0,0.2,0.2,0.2,0.2,0.0,0.2,0.0,0.0
781,0,38,38,-38.0,0.2,0.2,0.2,0.2,0.06,0.1,0.025,0.015
782,0,47,47,-47.0,0.2,0.2,0.2,0.2,0.12,0.0,0.05,0.03
783,0,56,56,-56.0,0.2,0.2,0.2,0.3,0.0,0.1,0.0,0.0
784,0,75,75,-75.0,0.2,0.2,0.2,0.3,0.06,0.0,0.025,0.015
785,0,120,120,-120.0,0.2,0.2,0.2,0.4,0.0,0.0,0.0,0.0
786,1,38,39,62.0,0.2,0.2,0.3,0.0,0.0,0.3,0.0,0.0
787,1,36,37,64.0,0.2,0.2,0.3,0.0,0.06,0.2,0.025,0.015
788,1,53,54,47.0,0.2,0.2,0.3,0.0,0.12,0.1,0.05,0.03
789,1,72,73,28.0,0.2,0.2,0.3,0.0,0.18,0.0,0.075,0.045
790,1,35,36,65.0,0.2,0.2,0.3,0.1,0.0,0.2,0.0,0.0
791,1,43,44,57.0,0.2,0.2,0.3,0.1,0.06,0.1,0.025,0.015
792,1,57,58,43.0,0.2,0.2,0.3,0.1,0.12,0.0,0.05,0.03
793,0,55,55,-55.0,0.2,0.2,0.3,0.2,0.0,0.1,0.0,0.0
794,0,80,80,-80.0,0.2,0.2,0.3,0.2,0.06,0.0,0.025,0.015
795,0,116,116,-116.0,0.2,0.2,0.3,0.3,0.0,0.0,0.0,0.0
796,1,48,49,52.0,0.2,0.2,0.4,0.0,0.0,0.2,0.0,0.0
797,1,61,62,39.0,0.2,0.2,0.4,0.0,0.06,0.1,0.025,0.015
798,1,75,76,25.0,0.2,0.2,0.4,0.0,0.12,0.0,0.05,0.03
799,1,63,64,37.0,0.2,0.2,0.4,0.1,0.0,0.1,0.0,0.0
800,1,80,81,20.0,0.2,0.2,0.4,0.1,0.06,0.0,0.025,0.015
801,0,117,117,-117.0,0.2,0.2,0.4,0.2,0.0,0.0,0.0,0.0
802,1,79,80,21.0,0.2,0.2,0.5,0.0,0.0,0.1,0.0,0.0
803,1,104,105,-4.0,0.2,0.2,0.5,0.0,0.06,0.0,0.025,0.015
804,1,118,119,-18.0,0.2,0.2,0.5,0.1,0.0,0.0,0.0,0.0
805,1,29,30,71.0,0.25,0.25,0.0,0.0,0.0,0.5,0.0,0.0
806,1,27,28,73.0,0.25,0.25,0.0,0.0,0.06,0.4,0.025,0.015
807,1,32,33,68.0,0.25,0.25,0.0,0.0,0.12,0.3,0.05,0.03
808,1,38,39,62.0,0.25,0.25,0.0,0.0,0.18,0.2,0.075,0.045
809,1,51,52,49.0,0.25,0.25,0.0,0.0,0.24,0.1,0.1,0.06
810,1,63,64,37.0,0.25,0.25,0.0,0.0,0.3,0.0,0.125,0.075
811,1,27,28,73.0,0.25,0.25,0.0,0.1,0.0,0.4,0.0,0.0
812,1,28,29,72.0,0.25,0.25,0.0,0.1,0.06,0.3,0.025,0.015
813,1,32,33,68.0,0.25,0.25,0.0,0.1,0.12,0.2,0.05,0.03
814,1,38,39,62.0,0.25,0.25,0.0,0.1,0.18,0.1,0.075,0.045
815,1,52,53,48.0,0.25,0.25,0.0,0.1,0.24,0.0,0.1,0.06
816,0,24,24,-24.0,0.25,0.25,0.0,0.2,0.0,0.3,0.0,0.0
817,0,30,30,-30.0,0.25,0.25,0.0,0.2,0.06,0.2,0.025,0.015
818,0,37,37,-37.0,0.25,0.25,0.0,0.2,0.12,0.1,0.05,0.03
819,0,49,49,-49.0,0.25,0.25,0.0,0.2,0.18,0.0,0.075,0.045
820,0,35,35,-35.0,0.25,0.25,0.0,0.3,0.0,0.2,0.0,0.0
821,0,48,48,-48.0,0.25,0.25,0.0,0.3,0.06,0.1,0.025,0.015
822,0,58,58,-58.0,0.25,0.25,0.0,0.3,0.12,0.0,0.05,0.03
823,0,71,71,-71.0,0.25,0.25,0.0,0.4,0.0,0.1,0.0,0.0
824,0,83,83,-83.0,0.25,0.25,0.0,0.4,0.06,0.0,0.025,0.015
825,0,120,120,-120.0,0.25,0.25,0.0,0.5,0.0,0.0,0.0,0.0
826,1,33,34,67.0,0.25,0.25,0.1,0.0,0.0,0.4,0.0,0.0
827,1,33,34,67.0,0.25,0.25,0.1,0.0,0.06,0.3,0.025,0.015
828,1,41,42,59.0,0.25,0.25,0.1,0.0,0.12,0.2,0.05,0.03
829,1,56,57,44.0,0.25,0.25,0.1,0.0,0.18,0.1,0.075,0.045
830,1,69,70,31.0,0.25,0.25,0.1,0.0,0.24,0.0,0.1,0.06
831,1,31,32,69.0,0.25,0.25,0.1,0.1,0.0,0.3,0.0,0.0
832,1,34,35,66.0,0.25,0.25,0.1,0.1,0.06,0.2,0.025,0.015
833,1,42,43,58.0,0.25,0.25,0.1,0.1,0.12,0.1,0.05,0.03
834,1,60,61,40.0,0.25,0.25,0.1,0.1,0.18,0.0,0.075,0.045
835,0,35,35,-35.0,0.25,0.25,0.1,0.2,0.0,0.2,0.0,0.0
836,0,45,45,-45.0,0.25,0.25,0.1,0.2,0.06,0.1,0.025,0.015
837,0,64,64,-64.0,0.25,0.25,0.1,0.2,0.12,0.0,0.05,0.03
838,0,71,71,-71.0,0.25,0.25,0.1,0.3,0.0,0.1,0.0,0.0
839,0,85,85,-85.0,0.25,0.25,0.1,0.3,0.06,0.0,0.025,0.015
840,0,120,120,-120.0,0.25,0.25,0.1,0.4,0.0,0.0,0.0,0.0
841,1,39,40,61.0,0.25,0.25,0.2,0.0,0.0,0.3,0.0,0.0
842,1,44,45,56.0,0.25,0.25,0.2,0.0,0.06,0.2,0.025,0.015
843,1,61,62,39.0,0.25,0.25,0.2,0.0,0.12,0.1,0.05,0.03
844,1,72,73,28.0,0.25,0.25,0.2,0.0,0.18,0.0,0.075,0.045
845,1,41,42,59.0,0.25,0.25,0.2,0.1,0.0,0.2,0.0,0.0
846,1,55,56,45.0,0.25,0.25,0.2,0.1,0.06,0.1,0.025,0.015
847,1,65,66,35.0,0.25,0.25,0.2,0.1,0.12,0.0,0.05,0.03
848,0,69,69,-69.0,0.25,0.25,0.2,0.2,0.0,0.1,0.0,0.0
849,0,90,90,-90.0,0.25,0.25,0.2,0.2,0.06,0.0,0.025,0.015
850,0,122,122,-122.0,0.25,0.25,0.2,0.3,0.0,0.0,0.0,0.0
851,1,58,59,42.0,0.25,0.25,0.3,0.0,0.0,0.2,0.0,0.0
852,1,67,68,33.0,0.25,0.25,0.3,0.0,0.06,0.1,0.025,0.015
853,1,82,83,18.0,0.25,0.25,0.3,0.0,0.12,0.0,0.05,0.03
854,1,71,72,29.0,0.25,0.25,0.3,0.1,0.0,0.1,0.0,0.0
855,1,83,84,17.0,0.25,0.25,0.3,0.1,0.06,0.0,0.025,0.015
856,0,122,122,-122.0,0.25,0.25,0.3,0.2,0.0,0.0,0.0,0.0
857,1,85,86,15.0,0.25,0.25,0.4,0.0,0.0,0.1,0.0,0.0
858,1,104,105,-4.0,0.25,0.25,0.4,0.0,0.06,0.0,0.025,0.015
859,1,117,118,-17.0,0.25,0.25,0.4,0.1,0.0,0.0,0.0,0.0
860,1,146,147,-46.0,0.25,0.25,0.5,0.0,0.0,0.0,0.0,0.0
861,1,36,37,64.0,0.3,0.3,0.0,0.0,0.0,0.4,0.0,0.0
862,1,36,37,64.0,0.3,0.3,0.0,0.0,0.06,0.3,0.025,0.015
863,1,45,46,55.0,0.3,0.3,0.0,0.0,0.12,0.2,0.05,0.03
864,1,62,63,38.0,0.3,0.3,0.0,0.0,0.18,0.1,0.075,0.045
865,1,71,72,29.0,0.3,0.3,0.0,0.0,0.24,0.0,0.1,0.06
866,1,33,34,67.0,0.3,0.3,0.0,0.1,0.0,0.3,0.0,0.0
867,1,39,40,61.0,0.3,0.3,0.0,0.1,0.06,0.2,0.025,0.015
868,1,51,52,49.0,0.3,0.3,0.0,0.1,0.12,0.1,0.05,0.03
869,1,63,64,37.0,0.3,0.3,0.0,0.1,0.18,0.0,0.075,0.045
870,0,47,47,-47.0,0.3,0.3,0.0,0.2,0.0,0.2,0.0,0.0
871,0,63,63,-63.0,0.3,0.3,0.0,0.2,0.06,0.1,0.025,0.015
872,0,77,77,-77.0,0.3,0.3,0.0,0.2,0.12,0.0,0.05,0.03
873,0,78,78,-78.0,0.3,0.3,0.0,0.3,0.0,0.1,0.0,0.0
874,0,98,98,-98.0,0.3,0.3,0.0,0.3,0.06,0.0,0.025,0.015
875,0,120,120,-120.0,0.3,0.3,0.0,0.4,0.0,0.0,0.0,0.0
876,1,44,45,56.0,0.3,0.3,0.1,0.0,0.0,0.3,0.0,0.0
877,1,55,56,45.0,0.3,0.3,0.1,0.0,0.06,0.2,0.025,0.015
878,1,68,69,32.0,0.3,0.3,0.1,0.0,0.12,0.1,0.05,0.03
879,1,75,76,25.0,0.3,0.3,0.1,0.0,0.18,0.0,0.075,0.045
880,1,51,52,49.0,0.3,0.3,0.1,0.1,0.0,0.2,0.0,0.0
881,1,65,66,35.0,0.3,0.3,0.1,0.1,0.06,0.1,0.025,0.015
882,1,73,74,27.0,0.3,0.3,0.1,0.1,0.12,0.0,0.05,0.03
883,0,80,80,-80.0,0.3,0.3,0.1,0.2,0.0,0.1,0.0,0.0
884,0,100,100,-100.0,0.3,0.3,0.1,0.2,0.06,0.0,0.025,0.015
885,0,124,124,-124.0,0.3,0.3,0.1,0.3,0.0,0.0,0.0,0.0
886,1,66,67,34.0,0.3,0.3,0.2,0.0,0.0,0.2,0.0,0.0
887,1,79,80,21.0,0.3,0.3,0.2,0.0,0.06,0.1,0.025,0.015
888,1,91,92,9.0,0.3,0.3,0.2,0.0,0.12,0.0,0.05,0.03
889,1,75,76,25.0,0.3,0.3,0.2,0.1,0.0,0.1,0.0,0.0
890,1,93,94,7.0,0.3,0.3,0.2,0.1,0.06,0.0,0.025,0.015
891,0,127,127,-127.0,0.3,0.3,0.2,0.2,0.0,0.0,0.0,0.0
892,1,92,93,8.0,0.3,0.3,0.3,0.0,0.0,0.1,0.0,0.0
893,1,112,113,-12.0,0.3,0.3,0.3,0.0,0.06,0.0,0.025,0.015
894,1,125,126,-25.0,0.3,0.3,0.3,0.1,0.0,0.0,0.0,0.0
895,1,149,150,-49.0,0.3,0.3,0.4,0.0,0.0,0.0,0.0,0.0
896,1,51,52,49.0,0.35,0.35,0.0,0.0,0.0,0.3,0.0,0.0
897,1,61,62,39.0,0.35,0.35,0.0,0.0,0.06,0.2,0.025,0.015
898,1,76,77,24.0,0.35,0.35,0.0,0.0,0.12,0.1,0.05,0.03
899,1,84,85,16.0,0.35,0.35,0.0,0.0,0.18,0.0,0.075,0.045
900,1,63,64,37.0,0.35,0.35,0.0,0.1,0.0,0.2,0.0,0.0
901,1,71,72,29.0,0.35,0.35,0.0,0.1,0.06,0.1,0.025,0.015
902,1,88,89,12.0,0.35,0.35,0.0,0.1,0.12,0.0,0.05,0.03
903,0,91,91,-91.0,0.35,0.35,0.0,0.2,0.0,0.1,0.0,0.0
904,0,102,102,-102.0,0.35,0.35,0.0,0.2,0.06,0.0,0.025,0.015
905,0,123,123,-123.0,0.35,0.35,0.0,0.3,0.0,0.0,0.0,0.0
906,1,76,77,24.0,0.35,0.35,0.1,0.0,0.0,0.2,0.0,0.0
907,1,85,86,15.0,0.35,0.35,0.1,0.0,0.06,0.1,0.025,0.015
908,1,102,103,-2.0,0.35,0.35,0.1,0.0,0.12,0.0,0.05,0.03
909,1,86,87,14.0,0.35,0.35,0.1,0.1,0.0,0.1,0.0,0.0
910,1,101,102,-1.0,0.35,0.35,0.1,0.1,0.06,0.0,0.025,0.015
911,0,127,127,-127.0,0.35,0.35,0.1,0.2,0.0,0.0,0.0,0.0
912,1,100,101,0.0,0.35,0.35,0.2,0.0,0.0,0.1,0.0,0.0
913,1,119,120,-19.0,0.35,0.35,0.2,0.0,0.06,0.0,0.025,0.015
914,1,129,130,-29.0,0.35,0.35,0.2,0.1,0.0,0.0,0.0,0.0
915,1,153,154,-53.0,0.35,0.35,0.3,0.0,0.0,0.0,0.0,0.0
916,1,83,84,17.0,0.4,0.4,0.0,0.0,0.0,0.2,0.0,0.0
917,1,95,96,5.0,0.4,0.4,0.0,0.0,0.06,0.1,0.025,0.015
918,1,113,114,-13.0,0.4,0.4,0.0,0.0,0.12,0.0,0.05,0.03
919,1,95,96,5.0,0.4,0.4,0.0,0.1,0.0,0.1,0.0,0.0
920,1,110,111,-10.0,0.4,0.4,0.0,0.1,0.06,0.0,0.025,0.015
921,0,127,127,-127.0,0.4,0.4,0.0,0.2,0.0,0.0,0.0,0.0
922,1,112,113,-12.0,0.4,0.4,0.1,0.0,0.0,0.1,0.0,0.0
923,1,126,127,-26.0,0.4,0.4,0.1,0.0,0.06,0.0,0.025,0.015
924,1,133,134,-33.0,0.4,0.4,0.1,0.1,0.0,0.0,0.0,0.0
925,1,157,158,-57.0,0.4,0.4,0.2,0.0,0.0,0.0,0.0,0.0
926,1,123,124,-23.0,0.45,0.45,0.0,0.0,0.0,0.1,0.0,0.0
927,1,137,138,-37.0,0.45,0.45,0.0,0.0,0.06,0.0,0.025,0.015
928,1,140,141,-40.0,0.45,0.45,0.0,0.1,0.0,0.0,0.0,0.0
929,1,160,161,-60.0,0.45,0.45,0.1,0.0,0.0,0.0,0.0,0.0
930,1,162,163,-62.0,0.5,0.5,0.0,0.0,0.0,0.0,0.0,0.0
